leading_item_id,following_item_id,value
AANGBULD,APQGTRMF,271664
AANGBULD,BEZYMBBT,3124567
AANGBULD,DDEXPPXU,137735
AANGBULD,DEWLVASR,536677
AANGBULD,DNMPSKTB,4968232
AANGBULD,EVBVXETX,4902197
AANGBULD,FQCLOEXA,2136351
AANGBULD,FTSVTTSR,296983
AANGBULD,GKQIJYDH,7927592
AANGBULD,GYHKIVQT,19940039
AANGBULD,JBVHSUWY,585324
AANGBULD,JPBRUTWP,5785621
AANGBULD,JSLXRQOK,153923
AANGBULD,KJNSOAHR,14519964
AANGBULD,LLHREMKS,165818
AANGBULD,LSOIUSXD,461971
AANGBULD,LTOYKIML,549516
AANGBULD,LUENUFGA,3583452
AANGBULD,NAQIHUKZ,107341
AANGBULD,NZKBIBNU,371737
AANGBULD,OKMBFVKS,2146883
AANGBULD,OXKURKXR,307110
AANGBULD,QJQJSWFU,334169
AANGBULD,RJGPVEXX,773731
AANGBULD,SAAYMURU,159655
AANGBULD,SAHWCZNH,1879919
AANGBULD,SDWAYPIK,6001179
AANGBULD,UGEQLMXM,397984
AANGBULD,UIFPPCLR,341001
AANGBULD,UQYUIVVR,7534675
AANGBULD,VUAFAIYJ,818117
AANGBULD,WPQXWHYO,11710996
AANGBULD,XIIEJNEE,170955
AANGBULD,XUOIQPFL,2233184
AANGBULD,ZCELVYQU,308025
AANGBULD,ZGJXVMNI,2430114
AANGBULD,ZKENOUDA,457980
AHMDUILJ,APQGTRMF,170961
AHMDUILJ,ATLDMDBO,44143447
AHMDUILJ,BEZYMBBT,3057877
AHMDUILJ,BSRMSVTC,558455
AHMDUILJ,BTMOEMEP,14948601
AHMDUILJ,BUZIIBYG,14451163
AHMDUILJ,DBWLZWNK,288048
AHMDUILJ,DUCMGGNW,843484
AHMDUILJ,FTSVTTSR,415233
AHMDUILJ,HXYSSRXE,4796437
AHMDUILJ,IGDVVKUD,156771
AHMDUILJ,JERHKLYW,224839
AHMDUILJ,JPBRUTWP,5703478
AHMDUILJ,KEUWZRKO,553242
AHMDUILJ,LRVGFDFM,2071473
AHMDUILJ,MIRCVAMV,281102
AHMDUILJ,NZKBIBNU,390320
AHMDUILJ,QRKRBYJL,2326293
AHMDUILJ,QVLMOEYE,1086094
AHMDUILJ,RAWUKQMJ,3869490
AHMDUILJ,RCBZUSIM,142965
AHMDUILJ,ROACSLMG,2281967
AHMDUILJ,SAAYMURU,254122
AHMDUILJ,SAHWCZNH,1888655
AHMDUILJ,TGOELCAG,440313
AHMDUILJ,UXSPKBJR,590642
AHMDUILJ,VBYCLTYZ,645973
AHMDUILJ,WBLJNPZQ,292636
AHMDUILJ,WPQXWHYO,11704093
AHMDUILJ,WQMVCOEM,139211
AHMDUILJ,XIFHSOWQ,279245
AHMDUILJ,XIIEJNEE,157807
AHMDUILJ,XUOIQPFL,2138015
AHMDUILJ,YSYHGLQK,220328
AHMDUILJ,ZKENOUDA,572421
APQGTRMF,AANGBULD,699144
APQGTRMF,ATLDMDBO,44133832
APQGTRMF,AXULOHBQ,178477
APQGTRMF,BEZYMBBT,3029782
APQGTRMF,BJALXPFS,297100
APQGTRMF,BLANHGYY,185960
APQGTRMF,BSRMSVTC,477661
APQGTRMF,BTMOEMEP,14938486
APQGTRMF,DBWLZWNK,280979
APQGTRMF,DEWLVASR,641739
APQGTRMF,DJBLNPNC,119849
APQGTRMF,DNMPSKTB,4858119
APQGTRMF,DUCMGGNW,855757
APQGTRMF,ELQGMQWE,896481
APQGTRMF,EVBVXETX,4993255
APQGTRMF,FDXPMYGF,135052
APQGTRMF,FQCLOEXA,2230831
APQGTRMF,FRHNWLNI,900108
APQGTRMF,GYHKIVQT,19817636
APQGTRMF,HXYSSRXE,4785703
APQGTRMF,JERHKLYW,223959
APQGTRMF,JPBRUTWP,5673431
APQGTRMF,KJNSOAHR,14604088
APQGTRMF,LPHPPJUG,1385618
APQGTRMF,MBSBZBXA,4753556
APQGTRMF,OGAFEHLU,126158
APQGTRMF,OKMBFVKS,2003539
APQGTRMF,OXKURKXR,212220
APQGTRMF,QRKRBYJL,2304472
APQGTRMF,QVLMOEYE,1055631
APQGTRMF,RAWUKQMJ,3859764
APQGTRMF,RCBZUSIM,114046
APQGTRMF,ROACSLMG,2274041
APQGTRMF,SDWAYPIK,5897088
APQGTRMF,SNHYOVBM,326483
APQGTRMF,SUOYXCHP,139394
APQGTRMF,UIFPPCLR,207896
APQGTRMF,VBYCLTYZ,638862
APQGTRMF,VMAQSTJE,142191
APQGTRMF,WBLJNPZQ,282436
APQGTRMF,WHPUAOID,143133
APQGTRMF,WQMVCOEM,132001
APQGTRMF,XMKRPGLB,1187738
APQGTRMF,XUOIQPFL,2139838
APQGTRMF,YSYHGLQK,231941
APQGTRMF,ZGJXVMNI,2531699
APQGTRMF,ZKENOUDA,576971
ATLDMDBO,AANGBULD,643867
ATLDMDBO,APQGTRMF,95040
ATLDMDBO,AXULOHBQ,99577
ATLDMDBO,BEZYMBBT,2983675
ATLDMDBO,BJALXPFS,191227
ATLDMDBO,BLANHGYY,110754
ATLDMDBO,BSRMSVTC,380462
ATLDMDBO,BTMOEMEP,14859958
ATLDMDBO,DBWLZWNK,196185
ATLDMDBO,DEWLVASR,590116
ATLDMDBO,DJBLNPNC,79605
ATLDMDBO,DNMPSKTB,4742094
ATLDMDBO,ELQGMQWE,841338
ATLDMDBO,EVBVXETX,4898329
ATLDMDBO,FDXPMYGF,87599
ATLDMDBO,FQCLOEXA,2137719
ATLDMDBO,FRHNWLNI,847911
ATLDMDBO,GYHKIVQT,19707436
ATLDMDBO,HXYSSRXE,4720373
ATLDMDBO,IGDVVKUD,69247
ATLDMDBO,JERHKLYW,166289
ATLDMDBO,JPBRUTWP,5605771
ATLDMDBO,LPHPPJUG,1320873
ATLDMDBO,LRVGFDFM,1992688
ATLDMDBO,LSOIUSXD,279871
ATLDMDBO,LUENUFGA,3513746
ATLDMDBO,OGAFEHLU,45613
ATLDMDBO,OKMBFVKS,1982755
ATLDMDBO,OXKURKXR,137959
ATLDMDBO,QRKRBYJL,2213816
ATLDMDBO,QVLMOEYE,971833
ATLDMDBO,RAWUKQMJ,3795195
ATLDMDBO,RCBZUSIM,60824
ATLDMDBO,RJGPVEXX,799946
ATLDMDBO,SAHWCZNH,1813941
ATLDMDBO,SDWAYPIK,5798474
ATLDMDBO,SNHYOVBM,318956
ATLDMDBO,SUOYXCHP,47306
ATLDMDBO,UGEQLMXM,199510
ATLDMDBO,UIFPPCLR,172877
ATLDMDBO,UXSPKBJR,537701
ATLDMDBO,VBYCLTYZ,548418
ATLDMDBO,VMAQSTJE,98833
ATLDMDBO,VWMBASNE,136757
ATLDMDBO,WBLJNPZQ,222775
ATLDMDBO,WQMVCOEM,86338
ATLDMDBO,XIFHSOWQ,200689
ATLDMDBO,XIIEJNEE,102228
ATLDMDBO,XIPPENFQ,279067
ATLDMDBO,XUOIQPFL,2070323
ATLDMDBO,YSYHGLQK,156884
ATLDMDBO,ZGJXVMNI,2467010
ATLDMDBO,ZKENOUDA,543294
AXULOHBQ,AANGBULD,698381
AXULOHBQ,BJALXPFS,263442
AXULOHBQ,BLANHGYY,180458
AXULOHBQ,BSRMSVTC,449026
AXULOHBQ,BUZIIBYG,14543575
AXULOHBQ,DNMPSKTB,4865294
AXULOHBQ,EVBVXETX,5015760
AXULOHBQ,FCYBOAXC,105032280
AXULOHBQ,FDXPMYGF,103189
AXULOHBQ,FQCLOEXA,2229490
AXULOHBQ,FWUCPMMW,238911
AXULOHBQ,GYHKIVQT,19827658
AXULOHBQ,HCDTGMST,165949
AXULOHBQ,HXYSSRXE,4786418
AXULOHBQ,JBVHSUWY,501644
AXULOHBQ,KEUWZRKO,443566
AXULOHBQ,KJNSOAHR,14597123
AXULOHBQ,LPHPPJUG,1378994
AXULOHBQ,LRVGFDFM,2088915
AXULOHBQ,LUENUFGA,3470456
AXULOHBQ,NZKBIBNU,490242
AXULOHBQ,OGAFEHLU,112231
AXULOHBQ,OKMBFVKS,2035492
AXULOHBQ,PYZMVUWD,117475
AXULOHBQ,QJQJSWFU,256431
AXULOHBQ,RJGPVEXX,893517
AXULOHBQ,ROACSLMG,2361282
AXULOHBQ,SAHWCZNH,1770450
AXULOHBQ,SUOYXCHP,131027
AXULOHBQ,UXSPKBJR,707877
AXULOHBQ,VMAQSTJE,139479
AXULOHBQ,VUAFAIYJ,936111
AXULOHBQ,VWMBASNE,226161
AXULOHBQ,WBLJNPZQ,284475
AXULOHBQ,WPQXWHYO,11829180
AXULOHBQ,WQMVCOEM,232007
AXULOHBQ,XIFHSOWQ,168017
AXULOHBQ,XUOIQPFL,2141744
AXULOHBQ,ZCELVYQU,405073
AXULOHBQ,ZGJXVMNI,2531033
AXULOHBQ,ZKENOUDA,600676
BEZYMBBT,AHMDUILJ,214201
BEZYMBBT,APQGTRMF,151246
BEZYMBBT,ATLDMDBO,44150991
BEZYMBBT,AXULOHBQ,190788
BEZYMBBT,BTMOEMEP,14942970
BEZYMBBT,DBWLZWNK,262928
BEZYMBBT,DEWLVASR,638372
BEZYMBBT,DNMPSKTB,4869196
BEZYMBBT,ELQGMQWE,901989
BEZYMBBT,FITUEHWN,268390
BEZYMBBT,FQCLOEXA,2212279
BEZYMBBT,FTSVTTSR,392541
BEZYMBBT,FWUCPMMW,232515
BEZYMBBT,GYHKIVQT,19821179
BEZYMBBT,HXYSSRXE,4768354
BEZYMBBT,IGDVVKUD,141117
BEZYMBBT,JPBRUTWP,5683253
BEZYMBBT,KJNSOAHR,14623028
BEZYMBBT,MBSBZBXA,4750486
BEZYMBBT,OJIFIHMZ,3119350
BEZYMBBT,OKMBFVKS,2023298
BEZYMBBT,OXKURKXR,209309
BEZYMBBT,QJQJSWFU,236660
BEZYMBBT,QRKRBYJL,2320675
BEZYMBBT,QVLMOEYE,1081000
BEZYMBBT,RAWUKQMJ,3851007
BEZYMBBT,RCBZUSIM,134517
BEZYMBBT,RJGPVEXX,863545
BEZYMBBT,SDWAYPIK,5886379
BEZYMBBT,STZDBITS,22400204
BEZYMBBT,UGEQLMXM,311618
BEZYMBBT,UIFPPCLR,222413
BEZYMBBT,UXSPKBJR,613090
BEZYMBBT,VBYCLTYZ,641797
BEZYMBBT,VMAQSTJE,155698
BEZYMBBT,WBLJNPZQ,283226
BEZYMBBT,WHPUAOID,229283
BEZYMBBT,WQMVCOEM,127037
BEZYMBBT,XMKRPGLB,1206800
BEZYMBBT,XUOIQPFL,2149679
BEZYMBBT,YSYHGLQK,214713
BEZYMBBT,ZGJXVMNI,2528052
BEZYMBBT,ZKENOUDA,594182
BJALXPFS,AANGBULD,693448
BJALXPFS,ATLDMDBO,44152217
BJALXPFS,BEZYMBBT,3067149
BJALXPFS,BSRMSVTC,472935
BJALXPFS,BTMOEMEP,14963770
BJALXPFS,BUZIIBYG,14474173
BJALXPFS,DJBLNPNC,218142
BJALXPFS,DNMPSKTB,4845387
BJALXPFS,EVBVXETX,4992659
BJALXPFS,FDXPMYGF,130279
BJALXPFS,FITUEHWN,203283
BJALXPFS,FRHNWLNI,916392
BJALXPFS,FWUCPMMW,232641
BJALXPFS,GYHKIVQT,19829695
BJALXPFS,HXYSSRXE,4791931
BJALXPFS,IGDVVKUD,147309
BJALXPFS,JERHKLYW,226073
BJALXPFS,JPBRUTWP,5708415
BJALXPFS,KEUWZRKO,464570
BJALXPFS,LRVGFDFM,2080149
BJALXPFS,LTOYKIML,656743
BJALXPFS,MBSBZBXA,4773202
BJALXPFS,OGAFEHLU,123167
BJALXPFS,OKMBFVKS,2038175
BJALXPFS,PYZMVUWD,140958
BJALXPFS,QJQJSWFU,245029
BJALXPFS,QRKRBYJL,2308754
BJALXPFS,QVLMOEYE,1080468
BJALXPFS,RAWUKQMJ,3876794
BJALXPFS,RCBZUSIM,134253
BJALXPFS,RJGPVEXX,889563
BJALXPFS,SDWAYPIK,5889866
BJALXPFS,SNHYOVBM,325041
BJALXPFS,SUOYXCHP,128633
BJALXPFS,UGEQLMXM,316473
BJALXPFS,VBYCLTYZ,653057
BJALXPFS,VMAQSTJE,150161
BJALXPFS,WBLJNPZQ,281633
BJALXPFS,XIFHSOWQ,197168
BJALXPFS,XIIEJNEE,265219
BJALXPFS,XUOIQPFL,2148467
BJALXPFS,ZGJXVMNI,2538568
BJALXPFS,ZKENOUDA,582408
BLANHGYY,AHMDUILJ,299314
BLANHGYY,APQGTRMF,169291
BLANHGYY,AXULOHBQ,160421
BLANHGYY,BJALXPFS,271988
BLANHGYY,BSRMSVTC,415299
BLANHGYY,BUZIIBYG,14546389
BLANHGYY,CCLHWFWF,15687543
BLANHGYY,DNMPSKTB,4868588
BLANHGYY,DUCMGGNW,864333
BLANHGYY,EVBVXETX,5005678
BLANHGYY,FCYBOAXC,105024820
BLANHGYY,FDXPMYGF,83284
BLANHGYY,FITUEHWN,198971
BLANHGYY,FQCLOEXA,2246541
BLANHGYY,GYHKIVQT,19849078
BLANHGYY,HCDTGMST,144722
BLANHGYY,HXYSSRXE,4777989
BLANHGYY,JBVHSUWY,482271
BLANHGYY,KEUWZRKO,441746
BLANHGYY,LPHPPJUG,1386323
BLANHGYY,LRVGFDFM,2074218
BLANHGYY,OGAFEHLU,99780
BLANHGYY,PYZMVUWD,125062
BLANHGYY,RAWUKQMJ,3861238
BLANHGYY,RJGPVEXX,869379
BLANHGYY,ROACSLMG,2367888
BLANHGYY,SAHWCZNH,1785485
BLANHGYY,SDWAYPIK,5915893
BLANHGYY,SUOYXCHP,100189
BLANHGYY,TGOELCAG,343786
BLANHGYY,UQYUIVVR,7529317
BLANHGYY,VMAQSTJE,118718
BLANHGYY,VUAFAIYJ,934126
BLANHGYY,WBLJNPZQ,270726
BLANHGYY,WPQXWHYO,11829089
BLANHGYY,WQMVCOEM,117717
BLANHGYY,XUOIQPFL,2147760
BLANHGYY,YSYHGLQK,139037
BLANHGYY,ZGJXVMNI,2537304
BLANHGYY,ZKENOUDA,575725
BSRMSVTC,AHMDUILJ,228823
BSRMSVTC,BEZYMBBT,3043109
BSRMSVTC,BUZIIBYG,14535702
BSRMSVTC,DNMPSKTB,4867121
BSRMSVTC,EVBVXETX,4989146
BSRMSVTC,FCYBOAXC,105020822
BSRMSVTC,FITUEHWN,175820
BSRMSVTC,HCDTGMST,144978
BSRMSVTC,JBVHSUWY,476918
BSRMSVTC,JERHKLYW,150710
BSRMSVTC,JPBRUTWP,5682764
BSRMSVTC,KEUWZRKO,442893
BSRMSVTC,KJNSOAHR,14615506
BSRMSVTC,LSOIUSXD,356955
BSRMSVTC,LUENUFGA,3471902
BSRMSVTC,MBSBZBXA,4765529
BSRMSVTC,NZKBIBNU,456544
BSRMSVTC,OGAFEHLU,100183
BSRMSVTC,OKMBFVKS,2031071
BSRMSVTC,OXKURKXR,235163
BSRMSVTC,PYZMVUWD,125966
BSRMSVTC,QJQJSWFU,255221
BSRMSVTC,QKXNTIIB,1476726
BSRMSVTC,RJGPVEXX,896874
BSRMSVTC,ROACSLMG,2374374
BSRMSVTC,SAHWCZNH,1793844
BSRMSVTC,STZDBITS,22410607
BSRMSVTC,TGOELCAG,329894
BSRMSVTC,UGEQLMXM,321176
BSRMSVTC,UIFPPCLR,229085
BSRMSVTC,VMAQSTJE,112529
BSRMSVTC,VWMBASNE,245479
BSRMSVTC,WPQXWHYO,11814816
BSRMSVTC,XIFHSOWQ,154537
BSRMSVTC,XUOIQPFL,2130738
BSRMSVTC,ZGJXVMNI,2526718
BSRMSVTC,ZKENOUDA,579679
BTMOEMEP,APQGTRMF,133029
BTMOEMEP,ATLDMDBO,44108247
BTMOEMEP,AXULOHBQ,173658
BTMOEMEP,BEZYMBBT,3033673
BTMOEMEP,BLANHGYY,153324
BTMOEMEP,BSRMSVTC,454431
BTMOEMEP,BUZIIBYG,14439354
BTMOEMEP,DBWLZWNK,247864
BTMOEMEP,DEWLVASR,618089
BTMOEMEP,DNMPSKTB,4829057
BTMOEMEP,EVBVXETX,4882406
BTMOEMEP,FDXPMYGF,114809
BTMOEMEP,FRHNWLNI,873798
BTMOEMEP,GYHKIVQT,19790274
BTMOEMEP,HXYSSRXE,4758580
BTMOEMEP,IGDVVKUD,112457
BTMOEMEP,JBVHSUWY,466627
BTMOEMEP,JERHKLYW,207464
BTMOEMEP,JPBRUTWP,5643880
BTMOEMEP,KJNSOAHR,14596557
BTMOEMEP,LPHPPJUG,1398849
BTMOEMEP,LRVGFDFM,2037821
BTMOEMEP,LUENUFGA,3550882
BTMOEMEP,OGAFEHLU,93224
BTMOEMEP,OKMBFVKS,1994178
BTMOEMEP,OXKURKXR,187440
BTMOEMEP,QRKRBYJL,2290955
BTMOEMEP,QVLMOEYE,1038041
BTMOEMEP,RAWUKQMJ,3823619
BTMOEMEP,RCBZUSIM,100732
BTMOEMEP,RJGPVEXX,847685
BTMOEMEP,ROACSLMG,2252225
BTMOEMEP,SAHWCZNH,1856944
BTMOEMEP,SDWAYPIK,5853010
BTMOEMEP,SUOYXCHP,128322
BTMOEMEP,UGEQLMXM,271593
BTMOEMEP,UIFPPCLR,209737
BTMOEMEP,UXSPKBJR,572547
BTMOEMEP,VBYCLTYZ,597684
BTMOEMEP,WBLJNPZQ,258076
BTMOEMEP,WQMVCOEM,89247
BTMOEMEP,XIIEJNEE,119792
BTMOEMEP,XUOIQPFL,2108986
BTMOEMEP,ZGJXVMNI,2508208
BTMOEMEP,ZKENOUDA,584068
BUZIIBYG,AXULOHBQ,172537
BUZIIBYG,BJALXPFS,338370
BUZIIBYG,BTMOEMEP,14906342
BUZIIBYG,DJBLNPNC,92011
BUZIIBYG,EVBVXETX,4889462
BUZIIBYG,FDXPMYGF,90873
BUZIIBYG,FRHNWLNI,858075
BUZIIBYG,FWUCPMMW,78022
BUZIIBYG,IGDVVKUD,122564
BUZIIBYG,JSLXRQOK,119140
BUZIIBYG,KAGJCHMR,192129
BUZIIBYG,KEUWZRKO,522015
BUZIIBYG,LUENUFGA,3552832
BUZIIBYG,OKMBFVKS,2100360
BUZIIBYG,RCBZUSIM,113473
BUZIIBYG,RJGPVEXX,738969
BUZIIBYG,SAHWCZNH,1864451
BUZIIBYG,SNHYOVBM,397510
BUZIIBYG,TGOELCAG,399180
BUZIIBYG,UXSPKBJR,568840
BUZIIBYG,WHPUAOID,138913
BUZIIBYG,WPQXWHYO,11669602
BUZIIBYG,WQMVCOEM,106507
BUZIIBYG,XMKRPGLB,1156468
BUZIIBYG,ZXERAXWP,135732
CCLHWFWF,AHMDUILJ,246446
CCLHWFWF,BUZIIBYG,14431933
CCLHWFWF,DBWLZWNK,236231
CCLHWFWF,DEWLVASR,621681
CCLHWFWF,DUCMGGNW,902796
CCLHWFWF,FCYBOAXC,104895623
CCLHWFWF,FITUEHWN,177752
CCLHWFWF,FQCLOEXA,2069265
CCLHWFWF,FWUCPMMW,82364
CCLHWFWF,HCDTGMST,196010
CCLHWFWF,JBVHSUWY,437154
CCLHWFWF,JPBRUTWP,5639317
CCLHWFWF,JSLXRQOK,86682
CCLHWFWF,KEUWZRKO,489256
CCLHWFWF,LRVGFDFM,2039619
CCLHWFWF,LSOIUSXD,281221
CCLHWFWF,LTOYKIML,494898
CCLHWFWF,NZKBIBNU,344765
CCLHWFWF,OGAFEHLU,68870
CCLHWFWF,QKXNTIIB,1407178
CCLHWFWF,QVLMOEYE,1021269
CCLHWFWF,SDWAYPIK,5885947
CCLHWFWF,STZDBITS,22461624
CCLHWFWF,SUOYXCHP,187782
CCLHWFWF,UGEQLMXM,256060
CCLHWFWF,VBYCLTYZ,584719
CCLHWFWF,VUAFAIYJ,929288
CCLHWFWF,VWMBASNE,140959
CCLHWFWF,WBLJNPZQ,322230
CCLHWFWF,WHPUAOID,100991
CCLHWFWF,XIPPENFQ,309552
CCLHWFWF,XUOIQPFL,2177322
CCLHWFWF,ZCELVYQU,307315
DBWLZWNK,AHMDUILJ,232607
DBWLZWNK,APQGTRMF,145548
DBWLZWNK,ATLDMDBO,44143388
DBWLZWNK,AXULOHBQ,170073
DBWLZWNK,BEZYMBBT,3042207
DBWLZWNK,BJALXPFS,293938
DBWLZWNK,BLANHGYY,187291
DBWLZWNK,BTMOEMEP,14943377
DBWLZWNK,DEWLVASR,653926
DBWLZWNK,DJBLNPNC,135772
DBWLZWNK,DNMPSKTB,4869080
DBWLZWNK,DUCMGGNW,867081
DBWLZWNK,ELQGMQWE,906698
DBWLZWNK,EVBVXETX,4898349
DBWLZWNK,FQCLOEXA,2233101
DBWLZWNK,FRHNWLNI,892988
DBWLZWNK,FWUCPMMW,134082
DBWLZWNK,GYHKIVQT,19822150
DBWLZWNK,HXYSSRXE,4791423
DBWLZWNK,IGDVVKUD,139702
DBWLZWNK,JBVHSUWY,488523
DBWLZWNK,JPBRUTWP,5683922
DBWLZWNK,JSLXRQOK,147184
DBWLZWNK,KJNSOAHR,14603421
DBWLZWNK,LPHPPJUG,1382596
DBWLZWNK,LRVGFDFM,2058537
DBWLZWNK,LSOIUSXD,359632
DBWLZWNK,NAQIHUKZ,141290
DBWLZWNK,NZKBIBNU,372246
DBWLZWNK,OKMBFVKS,2020897
DBWLZWNK,OXKURKXR,216336
DBWLZWNK,QRKRBYJL,2305357
DBWLZWNK,QVLMOEYE,1045425
DBWLZWNK,RAWUKQMJ,3869033
DBWLZWNK,RCBZUSIM,114392
DBWLZWNK,ROACSLMG,2271220
DBWLZWNK,SDWAYPIK,5899891
DBWLZWNK,UIFPPCLR,241252
DBWLZWNK,UQYUIVVR,7619768
DBWLZWNK,UXSPKBJR,594116
DBWLZWNK,VBYCLTYZ,628286
DBWLZWNK,VWMBASNE,233847
DBWLZWNK,WHPUAOID,160933
DBWLZWNK,WQMVCOEM,138188
DBWLZWNK,XMKRPGLB,1098855
DBWLZWNK,XUOIQPFL,2155962
DBWLZWNK,YSYHGLQK,230331
DBWLZWNK,ZGJXVMNI,2521294
DBWLZWNK,ZXERAXWP,249774
DDEXPPXU,AHMDUILJ,238862
DDEXPPXU,APQGTRMF,267447
DDEXPPXU,BJALXPFS,370356
DDEXPPXU,BUZIIBYG,14466776
DDEXPPXU,DEWLVASR,552216
DDEXPPXU,EVBVXETX,4895025
DDEXPPXU,FRHNWLNI,901322
DDEXPPXU,FTSVTTSR,325877
DDEXPPXU,GKQIJYDH,8014725
DDEXPPXU,JERHKLYW,245805
DDEXPPXU,JSLXRQOK,143875
DDEXPPXU,KJNSOAHR,14541146
DDEXPPXU,NZKBIBNU,368621
DDEXPPXU,OJIFIHMZ,3039659
DDEXPPXU,QJQJSWFU,336941
DDEXPPXU,RCBZUSIM,142655
DDEXPPXU,ZCELVYQU,328579
DDEXPPXU,ZKENOUDA,491002
DEWLVASR,AANGBULD,612835
DEWLVASR,APQGTRMF,275072
DEWLVASR,ATLDMDBO,44238053
DEWLVASR,BEZYMBBT,3147619
DEWLVASR,BTMOEMEP,15044562
DEWLVASR,DBWLZWNK,360578
DEWLVASR,DNMPSKTB,4960648
DEWLVASR,DUCMGGNW,956070
DEWLVASR,ELQGMQWE,796683
DEWLVASR,EVBVXETX,4901414
DEWLVASR,FCYBOAXC,104958023
DEWLVASR,FITUEHWN,202315
DEWLVASR,FQCLOEXA,2139534
DEWLVASR,FTSVTTSR,305184
DEWLVASR,GKQIJYDH,7942937
DEWLVASR,GYHKIVQT,19944686
DEWLVASR,HXYSSRXE,4877916
DEWLVASR,JBVHSUWY,572391
DEWLVASR,JPBRUTWP,5784820
DEWLVASR,KJNSOAHR,14501249
DEWLVASR,LLHREMKS,176872
DEWLVASR,LTOYKIML,574974
DEWLVASR,LUENUFGA,3574488
DEWLVASR,MBSBZBXA,4688875
DEWLVASR,OGAFEHLU,216423
DEWLVASR,OKMBFVKS,2145401
DEWLVASR,QJQJSWFU,334862
DEWLVASR,QRKRBYJL,2414362
DEWLVASR,QVLMOEYE,1174750
DEWLVASR,RAWUKQMJ,3965601
DEWLVASR,RJGPVEXX,794387
DEWLVASR,SDWAYPIK,6003684
DEWLVASR,UGEQLMXM,386846
DEWLVASR,UIFPPCLR,331884
DEWLVASR,UQYUIVVR,7554583
DEWLVASR,VBYCLTYZ,736958
DEWLVASR,VMAQSTJE,267712
DEWLVASR,VWMBASNE,320656
DEWLVASR,WPQXWHYO,11684327
DEWLVASR,XIFHSOWQ,256701
DEWLVASR,XIPPENFQ,340376
DEWLVASR,XUOIQPFL,2248193
DEWLVASR,ZCELVYQU,303694
DEWLVASR,ZGJXVMNI,2431286
DEWLVASR,ZKENOUDA,465294
DEWLVASR,ZXERAXWP,136695
DJBLNPNC,APQGTRMF,172120
DJBLNPNC,AXULOHBQ,162889
DJBLNPNC,BJALXPFS,287514
DJBLNPNC,BLANHGYY,145921
DJBLNPNC,BSRMSVTC,434810
DJBLNPNC,CCLHWFWF,15688050
DJBLNPNC,DNMPSKTB,4875400
DJBLNPNC,DUCMGGNW,862383
DJBLNPNC,FDXPMYGF,77013
DJBLNPNC,FRHNWLNI,888611
DJBLNPNC,HXYSSRXE,4800375
DJBLNPNC,JBVHSUWY,508902
DJBLNPNC,LPHPPJUG,1371935
DJBLNPNC,LRVGFDFM,2084456
DJBLNPNC,MBSBZBXA,4673008
DJBLNPNC,OJIFIHMZ,3061216
DJBLNPNC,QJQJSWFU,328393
DJBLNPNC,ROACSLMG,2390633
DJBLNPNC,SUOYXCHP,115746
DJBLNPNC,UQYUIVVR,7525023
DJBLNPNC,UXSPKBJR,597545
DJBLNPNC,WBLJNPZQ,281616
DJBLNPNC,WHPUAOID,134091
DJBLNPNC,WQMVCOEM,112669
DNMPSKTB,AANGBULD,701212
DNMPSKTB,APQGTRMF,140662
DNMPSKTB,ATLDMDBO,44108010
DNMPSKTB,AXULOHBQ,166265
DNMPSKTB,BEZYMBBT,3042641
DNMPSKTB,BLANHGYY,189330
DNMPSKTB,BSRMSVTC,467069
DNMPSKTB,BTMOEMEP,14947696
DNMPSKTB,DBWLZWNK,260244
DNMPSKTB,DDEXPPXU,234889
DNMPSKTB,DEWLVASR,670180
DNMPSKTB,ELQGMQWE,903429
DNMPSKTB,EVBVXETX,5012263
DNMPSKTB,FQCLOEXA,2241731
DNMPSKTB,GYHKIVQT,19796264
DNMPSKTB,HXYSSRXE,4775199
DNMPSKTB,IGDVVKUD,136910
DNMPSKTB,JBVHSUWY,478754
DNMPSKTB,JERHKLYW,209120
DNMPSKTB,JPBRUTWP,5650729
DNMPSKTB,KJNSOAHR,14614640
DNMPSKTB,LPHPPJUG,1401874
DNMPSKTB,LRVGFDFM,2033344
DNMPSKTB,LSOIUSXD,370946
DNMPSKTB,MBSBZBXA,4751420
DNMPSKTB,NZKBIBNU,467843
DNMPSKTB,OGAFEHLU,78614
DNMPSKTB,OKMBFVKS,1988726
DNMPSKTB,OXKURKXR,195496
DNMPSKTB,PYZMVUWD,116590
DNMPSKTB,QJQJSWFU,240434
DNMPSKTB,QRKRBYJL,2279730
DNMPSKTB,QVLMOEYE,1031507
DNMPSKTB,RAWUKQMJ,3849156
DNMPSKTB,RCBZUSIM,112825
DNMPSKTB,RJGPVEXX,888021
DNMPSKTB,SDWAYPIK,5855630
DNMPSKTB,UGEQLMXM,270259
DNMPSKTB,UIFPPCLR,223203
DNMPSKTB,UQYUIVVR,7628490
DNMPSKTB,VBYCLTYZ,613869
DNMPSKTB,VMAQSTJE,146615
DNMPSKTB,VWMBASNE,210191
DNMPSKTB,WBLJNPZQ,274419
DNMPSKTB,WPQXWHYO,11772374
DNMPSKTB,XIFHSOWQ,176094
DNMPSKTB,XIIEJNEE,144645
DNMPSKTB,XUOIQPFL,2101863
DNMPSKTB,ZGJXVMNI,2543387
DNMPSKTB,ZKENOUDA,618089
DNMPSKTB,ZXERAXWP,250948
DUCMGGNW,BJALXPFS,298197
DUCMGGNW,BLANHGYY,166053
DUCMGGNW,BUZIIBYG,14545010
DUCMGGNW,DBWLZWNK,301627
DUCMGGNW,DEWLVASR,654049
DUCMGGNW,DJBLNPNC,128932
DUCMGGNW,FDXPMYGF,141151
DUCMGGNW,FITUEHWN,201093
DUCMGGNW,FRHNWLNI,998564
DUCMGGNW,FWUCPMMW,232909
DUCMGGNW,HXYSSRXE,4783617
DUCMGGNW,IGDVVKUD,147810
DUCMGGNW,JSLXRQOK,222466
DUCMGGNW,OGAFEHLU,128183
DUCMGGNW,QKXNTIIB,1480584
DUCMGGNW,RAWUKQMJ,3867531
DUCMGGNW,RCBZUSIM,141166
DUCMGGNW,RJGPVEXX,881671
DUCMGGNW,SUOYXCHP,138263
DUCMGGNW,TGOELCAG,351924
DUCMGGNW,UQYUIVVR,7634531
DUCMGGNW,UXSPKBJR,597092
DUCMGGNW,VUAFAIYJ,928743
DUCMGGNW,WQMVCOEM,144968
DUCMGGNW,XMKRPGLB,1179661
ELQGMQWE,AANGBULD,563256
ELQGMQWE,AHMDUILJ,306050
ELQGMQWE,APQGTRMF,241225
ELQGMQWE,BEZYMBBT,3131451
ELQGMQWE,CCLHWFWF,15776780
ELQGMQWE,DBWLZWNK,366111
ELQGMQWE,DDEXPPXU,155477
ELQGMQWE,DEWLVASR,549986
ELQGMQWE,DNMPSKTB,4948199
ELQGMQWE,FITUEHWN,192055
ELQGMQWE,FQCLOEXA,2110783
ELQGMQWE,FTSVTTSR,304645
ELQGMQWE,FWUCPMMW,141803
ELQGMQWE,GYHKIVQT,19934914
ELQGMQWE,HXYSSRXE,4884277
ELQGMQWE,JBVHSUWY,584866
ELQGMQWE,JERHKLYW,242086
ELQGMQWE,JPBRUTWP,5788757
ELQGMQWE,JSLXRQOK,128403
ELQGMQWE,KEUWZRKO,566863
ELQGMQWE,KJNSOAHR,14512060
ELQGMQWE,LLHREMKS,157889
ELQGMQWE,LPHPPJUG,1298768
ELQGMQWE,LRVGFDFM,2154156
ELQGMQWE,LUENUFGA,3568706
ELQGMQWE,NAQIHUKZ,125127
ELQGMQWE,NZKBIBNU,385641
ELQGMQWE,OGAFEHLU,222802
ELQGMQWE,OKMBFVKS,2150905
ELQGMQWE,OXKURKXR,318010
ELQGMQWE,QJQJSWFU,339170
ELQGMQWE,RJGPVEXX,781108
ELQGMQWE,SAHWCZNH,1877365
ELQGMQWE,SDWAYPIK,5987787
ELQGMQWE,SUOYXCHP,214522
ELQGMQWE,UIFPPCLR,325150
ELQGMQWE,UQYUIVVR,7548795
ELQGMQWE,VUAFAIYJ,852144
ELQGMQWE,WBLJNPZQ,379100
ELQGMQWE,WPQXWHYO,11720987
ELQGMQWE,XIIEJNEE,151564
ELQGMQWE,XMKRPGLB,1200276
ELQGMQWE,XUOIQPFL,2235853
ELQGMQWE,YSYHGLQK,149335
ELQGMQWE,ZGJXVMNI,2440864
ELQGMQWE,ZKENOUDA,467997
ELQGMQWE,ZXERAXWP,154437
EVBVXETX,APQGTRMF,154842
EVBVXETX,ATLDMDBO,44149140
EVBVXETX,AXULOHBQ,184439
EVBVXETX,BJALXPFS,283272
EVBVXETX,BLANHGYY,166445
EVBVXETX,BTMOEMEP,14948151
EVBVXETX,BUZIIBYG,14444282
EVBVXETX,DJBLNPNC,116748
EVBVXETX,DNMPSKTB,4870443
EVBVXETX,DUCMGGNW,869763
EVBVXETX,FDXPMYGF,122238
EVBVXETX,FQCLOEXA,2116823
EVBVXETX,FRHNWLNI,867253
EVBVXETX,FWUCPMMW,136455
EVBVXETX,HXYSSRXE,4801146
EVBVXETX,IGDVVKUD,118730
EVBVXETX,JPBRUTWP,5688861
EVBVXETX,JSLXRQOK,130564
EVBVXETX,KEUWZRKO,555052
EVBVXETX,KJNSOAHR,14494553
EVBVXETX,LUENUFGA,3595708
EVBVXETX,MIRCVAMV,278181
EVBVXETX,NZKBIBNU,360561
EVBVXETX,PYZMVUWD,204054
EVBVXETX,QRKRBYJL,2317205
EVBVXETX,QVLMOEYE,1068915
EVBVXETX,RCBZUSIM,123749
EVBVXETX,SAHWCZNH,1893985
EVBVXETX,UGEQLMXM,314001
EVBVXETX,UXSPKBJR,597711
EVBVXETX,VBYCLTYZ,640793
EVBVXETX,WBLJNPZQ,300280
EVBVXETX,WPQXWHYO,11659555
EVBVXETX,WQMVCOEM,135321
EVBVXETX,XIFHSOWQ,267674
EVBVXETX,XIIEJNEE,157267
EVBVXETX,XIPPENFQ,351104
EVBVXETX,ZCELVYQU,303649
EVBVXETX,ZGJXVMNI,2535980
FCYBOAXC,ATLDMDBO,43993213
FCYBOAXC,BEZYMBBT,2936487
FCYBOAXC,BJALXPFS,129519
FCYBOAXC,BSRMSVTC,378230
FCYBOAXC,BTMOEMEP,14765015
FCYBOAXC,BUZIIBYG,14300425
FCYBOAXC,DUCMGGNW,701778
FCYBOAXC,FQCLOEXA,2064051
FCYBOAXC,FRHNWLNI,718688
FCYBOAXC,FWUCPMMW,0
FCYBOAXC,IGDVVKUD,0
FCYBOAXC,JERHKLYW,74976
FCYBOAXC,JPBRUTWP,5622544
FCYBOAXC,JSLXRQOK,0
FCYBOAXC,LPHPPJUG,1203489
FCYBOAXC,LSOIUSXD,300942
FCYBOAXC,LUENUFGA,3404191
FCYBOAXC,MIRCVAMV,87565
FCYBOAXC,PYZMVUWD,36506
FCYBOAXC,QKXNTIIB,1383953
FCYBOAXC,UQYUIVVR,7450165
FCYBOAXC,VBYCLTYZ,455754
FCYBOAXC,VUAFAIYJ,630748
FCYBOAXC,VWMBASNE,34651
FCYBOAXC,WBLJNPZQ,121866
FCYBOAXC,XUOIQPFL,2040316
FDXPMYGF,AHMDUILJ,321065
FDXPMYGF,BJALXPFS,298483
FDXPMYGF,BSRMSVTC,431187
FDXPMYGF,CCLHWFWF,15676544
FDXPMYGF,DNMPSKTB,4863218
FDXPMYGF,DUCMGGNW,847516
FDXPMYGF,FITUEHWN,186447
FDXPMYGF,FQCLOEXA,2228927
FDXPMYGF,HCDTGMST,127944
FDXPMYGF,HXYSSRXE,4767657
FDXPMYGF,JBVHSUWY,497130
FDXPMYGF,JERHKLYW,141313
FDXPMYGF,JPBRUTWP,5700650
FDXPMYGF,KEUWZRKO,462146
FDXPMYGF,LSOIUSXD,375897
FDXPMYGF,LUENUFGA,3455512
FDXPMYGF,MBSBZBXA,4669252
FDXPMYGF,OGAFEHLU,95643
FDXPMYGF,PYZMVUWD,130195
FDXPMYGF,RJGPVEXX,871064
FDXPMYGF,ROACSLMG,2362291
FDXPMYGF,SAHWCZNH,1787237
FDXPMYGF,SUOYXCHP,100144
FDXPMYGF,TGOELCAG,339806
FDXPMYGF,VMAQSTJE,140885
FDXPMYGF,WBLJNPZQ,276809
FDXPMYGF,WPQXWHYO,11810513
FDXPMYGF,WQMVCOEM,111595
FDXPMYGF,XIFHSOWQ,175257
FITUEHWN,AXULOHBQ,186578
FITUEHWN,BEZYMBBT,3138316
FITUEHWN,BJALXPFS,298431
FITUEHWN,CCLHWFWF,15757377
FITUEHWN,DBWLZWNK,361395
FITUEHWN,DEWLVASR,555030
FITUEHWN,DJBLNPNC,134017
FITUEHWN,FDXPMYGF,146486
FITUEHWN,GKQIJYDH,7951334
FITUEHWN,KJNSOAHR,14515625
FITUEHWN,LSOIUSXD,364697
FITUEHWN,LUENUFGA,3584470
FITUEHWN,MBSBZBXA,4690270
FITUEHWN,OKMBFVKS,2123860
FITUEHWN,QJQJSWFU,336272
FITUEHWN,RCBZUSIM,125192
FITUEHWN,SAAYMURU,144507
FITUEHWN,STZDBITS,22402668
FITUEHWN,UGEQLMXM,313242
FITUEHWN,UQYUIVVR,7558614
FITUEHWN,XMKRPGLB,1184014
FITUEHWN,ZCELVYQU,334154
FQCLOEXA,AANGBULD,588557
FQCLOEXA,AHMDUILJ,226855
FQCLOEXA,AXULOHBQ,268702
FQCLOEXA,BEZYMBBT,3141489
FQCLOEXA,BSRMSVTC,572430
FQCLOEXA,BUZIIBYG,14465988
FQCLOEXA,DEWLVASR,542951
FQCLOEXA,DJBLNPNC,138929
FQCLOEXA,DUCMGGNW,866434
FQCLOEXA,EVBVXETX,4866194
FQCLOEXA,FITUEHWN,177936
FQCLOEXA,FRHNWLNI,895969
FQCLOEXA,IGDVVKUD,136922
FQCLOEXA,JSLXRQOK,140197
FQCLOEXA,KAGJCHMR,135826
FQCLOEXA,KEUWZRKO,570151
FQCLOEXA,KJNSOAHR,14534275
FQCLOEXA,LLHREMKS,161315
FQCLOEXA,LSOIUSXD,459405
FQCLOEXA,LUENUFGA,3601870
FQCLOEXA,NZKBIBNU,371557
FQCLOEXA,PYZMVUWD,246052
FQCLOEXA,QJQJSWFU,354701
FQCLOEXA,QVLMOEYE,1081516
FQCLOEXA,RJGPVEXX,795680
FQCLOEXA,SAAYMURU,164530
FQCLOEXA,SAHWCZNH,1901721
FQCLOEXA,SDWAYPIK,5991695
FQCLOEXA,SNHYOVBM,319399
FQCLOEXA,TGOELCAG,422193
FQCLOEXA,UXSPKBJR,603231
FQCLOEXA,VBYCLTYZ,642524
FQCLOEXA,VMAQSTJE,250461
FQCLOEXA,WPQXWHYO,11686069
FQCLOEXA,WQMVCOEM,131976
FQCLOEXA,XIFHSOWQ,278198
FQCLOEXA,XIIEJNEE,180881
FQCLOEXA,XIPPENFQ,368278
FQCLOEXA,YSYHGLQK,129488
FQCLOEXA,ZCELVYQU,315447
FQCLOEXA,ZKENOUDA,483406
FQCLOEXA,ZXERAXWP,154150
FRHNWLNI,ATLDMDBO,44126794
FRHNWLNI,BJALXPFS,272852
FRHNWLNI,BLANHGYY,185463
FRHNWLNI,BSRMSVTC,483538
FRHNWLNI,BTMOEMEP,14960474
FRHNWLNI,DDEXPPXU,241352
FRHNWLNI,DNMPSKTB,4858112
FRHNWLNI,DUCMGGNW,850447
FRHNWLNI,EVBVXETX,4906609
FRHNWLNI,FDXPMYGF,128591
FRHNWLNI,FITUEHWN,212761
FRHNWLNI,GKQIJYDH,7950351
FRHNWLNI,GYHKIVQT,19832988
FRHNWLNI,HXYSSRXE,4787490
FRHNWLNI,IGDVVKUD,145054
FRHNWLNI,JERHKLYW,223355
FRHNWLNI,JPBRUTWP,5685753
FRHNWLNI,LLHREMKS,175452
FRHNWLNI,LPHPPJUG,1396553
FRHNWLNI,LRVGFDFM,2082244
FRHNWLNI,LUENUFGA,3586964
FRHNWLNI,QJQJSWFU,255060
FRHNWLNI,QRKRBYJL,2302392
FRHNWLNI,QVLMOEYE,1087408
FRHNWLNI,RCBZUSIM,135427
FRHNWLNI,UGEQLMXM,310261
FRHNWLNI,UIFPPCLR,221214
FRHNWLNI,UXSPKBJR,600937
FRHNWLNI,VBYCLTYZ,638842
FRHNWLNI,WBLJNPZQ,290549
FRHNWLNI,WQMVCOEM,137895
FRHNWLNI,XIIEJNEE,167078
FRHNWLNI,XIPPENFQ,340941
FRHNWLNI,XUOIQPFL,2157030
FRHNWLNI,ZCELVYQU,324606
FRHNWLNI,ZGJXVMNI,2521247
FTSVTTSR,BEZYMBBT,3134415
FTSVTTSR,DBWLZWNK,291424
FTSVTTSR,DEWLVASR,548651
FTSVTTSR,FQCLOEXA,2123007
FTSVTTSR,GKQIJYDH,7939930
FTSVTTSR,GYHKIVQT,19927712
FTSVTTSR,KAGJCHMR,138567
FTSVTTSR,LLHREMKS,107158
FTSVTTSR,MBSBZBXA,4679702
FTSVTTSR,OKMBFVKS,2133281
FTSVTTSR,QKXNTIIB,1475717
FTSVTTSR,SAAYMURU,126901
FTSVTTSR,SNHYOVBM,313679
FTSVTTSR,STZDBITS,22403381
FTSVTTSR,SUOYXCHP,126907
FTSVTTSR,TGOELCAG,332521
FTSVTTSR,UQYUIVVR,7540845
FTSVTTSR,VBYCLTYZ,739126
FTSVTTSR,XIIEJNEE,156266
FTSVTTSR,YSYHGLQK,134177
FTSVTTSR,ZCELVYQU,306831
FTSVTTSR,ZKENOUDA,494809
FWUCPMMW,AHMDUILJ,310973
FWUCPMMW,AXULOHBQ,164414
FWUCPMMW,BJALXPFS,289202
FWUCPMMW,BLANHGYY,164926
FWUCPMMW,BSRMSVTC,457897
FWUCPMMW,DNMPSKTB,4881458
FWUCPMMW,DUCMGGNW,866716
FWUCPMMW,FDXPMYGF,102555
FWUCPMMW,FRHNWLNI,888263
FWUCPMMW,FTSVTTSR,289916
FWUCPMMW,HXYSSRXE,4805706
FWUCPMMW,JBVHSUWY,506819
FWUCPMMW,JSLXRQOK,111970
FWUCPMMW,LLHREMKS,138842
FWUCPMMW,NAQIHUKZ,104116
FWUCPMMW,PYZMVUWD,148802
FWUCPMMW,QJQJSWFU,322152
FWUCPMMW,RCBZUSIM,147601
FWUCPMMW,ROACSLMG,2375460
FWUCPMMW,SAAYMURU,173137
FWUCPMMW,SUOYXCHP,137197
FWUCPMMW,UQYUIVVR,7543705
FWUCPMMW,WBLJNPZQ,287243
FWUCPMMW,WHPUAOID,129282
FWUCPMMW,WQMVCOEM,124582
FWUCPMMW,XIIEJNEE,141321
GKQIJYDH,AXULOHBQ,180078
GKQIJYDH,BJALXPFS,292288
GKQIJYDH,BTMOEMEP,15039791
GKQIJYDH,DBWLZWNK,284970
GKQIJYDH,DDEXPPXU,166090
GKQIJYDH,DUCMGGNW,939618
GKQIJYDH,ELQGMQWE,790741
GKQIJYDH,FDXPMYGF,136997
GKQIJYDH,FQCLOEXA,2209143
GKQIJYDH,FWUCPMMW,41287
GKQIJYDH,JBVHSUWY,499431
GKQIJYDH,LLHREMKS,159484
GKQIJYDH,LPHPPJUG,1374402
GKQIJYDH,OXKURKXR,165421
GKQIJYDH,UQYUIVVR,7547797
GKQIJYDH,XMKRPGLB,1133949
GKQIJYDH,YSYHGLQK,41932
GKQIJYDH,ZCELVYQU,310672
GKQIJYDH,ZXERAXWP,137799
GYHKIVQT,AANGBULD,692944
GYHKIVQT,APQGTRMF,120986
GYHKIVQT,ATLDMDBO,44132606
GYHKIVQT,AXULOHBQ,123477
GYHKIVQT,BEZYMBBT,3016350
GYHKIVQT,BJALXPFS,268366
GYHKIVQT,BLANHGYY,165185
GYHKIVQT,BSRMSVTC,445646
GYHKIVQT,BTMOEMEP,14934284
GYHKIVQT,BUZIIBYG,14513109
GYHKIVQT,DDEXPPXU,203109
GYHKIVQT,DEWLVASR,643249
GYHKIVQT,DNMPSKTB,4805213
GYHKIVQT,ELQGMQWE,880235
GYHKIVQT,EVBVXETX,4999098
GYHKIVQT,FCYBOAXC,105007418
GYHKIVQT,FDXPMYGF,95537
GYHKIVQT,FITUEHWN,257408
GYHKIVQT,FQCLOEXA,2224668
GYHKIVQT,HXYSSRXE,4744707
GYHKIVQT,JBVHSUWY,462880
GYHKIVQT,JPBRUTWP,5670300
GYHKIVQT,KEUWZRKO,427193
GYHKIVQT,KJNSOAHR,14598575
GYHKIVQT,LPHPPJUG,1365782
GYHKIVQT,LUENUFGA,3463585
GYHKIVQT,MIRCVAMV,170949
GYHKIVQT,NZKBIBNU,457610
GYHKIVQT,OGAFEHLU,95579
GYHKIVQT,OKMBFVKS,1993117
GYHKIVQT,PYZMVUWD,103623
GYHKIVQT,QRKRBYJL,2279885
GYHKIVQT,QVLMOEYE,1033788
GYHKIVQT,RAWUKQMJ,3856880
GYHKIVQT,RCBZUSIM,91871
GYHKIVQT,RJGPVEXX,862979
GYHKIVQT,SAAYMURU,210662
GYHKIVQT,SAHWCZNH,1748888
GYHKIVQT,SDWAYPIK,5852227
GYHKIVQT,UGEQLMXM,286073
GYHKIVQT,UIFPPCLR,195951
GYHKIVQT,UQYUIVVR,7617824
GYHKIVQT,VBYCLTYZ,614891
GYHKIVQT,VMAQSTJE,129668
GYHKIVQT,VWMBASNE,197154
GYHKIVQT,WBLJNPZQ,263414
GYHKIVQT,WPQXWHYO,11788064
GYHKIVQT,WQMVCOEM,121626
GYHKIVQT,XIFHSOWQ,158774
GYHKIVQT,XIIEJNEE,229711
GYHKIVQT,XUOIQPFL,2112317
GYHKIVQT,ZCELVYQU,387341
GYHKIVQT,ZGJXVMNI,2525230
GYHKIVQT,ZKENOUDA,600026
GYHKIVQT,ZXERAXWP,228151
HCDTGMST,AHMDUILJ,228318
HCDTGMST,APQGTRMF,243042
HCDTGMST,ATLDMDBO,44239697
HCDTGMST,BEZYMBBT,3145770
HCDTGMST,BTMOEMEP,15033837
HCDTGMST,DDEXPPXU,243312
HCDTGMST,DNMPSKTB,4965491
HCDTGMST,FRHNWLNI,1004860
HCDTGMST,GKQIJYDH,7958366
HCDTGMST,HXYSSRXE,4876297
HCDTGMST,JERHKLYW,117900
HCDTGMST,JPBRUTWP,5787339
HCDTGMST,KEUWZRKO,441933
HCDTGMST,LUENUFGA,3470431
HCDTGMST,MBSBZBXA,4677602
HCDTGMST,OJIFIHMZ,3057200
HCDTGMST,OKMBFVKS,2132701
HCDTGMST,QKXNTIIB,1468408
HCDTGMST,QRKRBYJL,2411741
HCDTGMST,RAWUKQMJ,3966719
HCDTGMST,RCBZUSIM,245082
HCDTGMST,SAHWCZNH,1784143
HCDTGMST,STZDBITS,22404301
HCDTGMST,SUOYXCHP,140922
HCDTGMST,UXSPKBJR,682898
HCDTGMST,VBYCLTYZ,724866
HCDTGMST,VWMBASNE,230672
HCDTGMST,WQMVCOEM,208928
HCDTGMST,XIFHSOWQ,161206
HCDTGMST,ZGJXVMNI,2451708
HXYSSRXE,AANGBULD,685321
HXYSSRXE,AHMDUILJ,302524
HXYSSRXE,APQGTRMF,155520
HXYSSRXE,ATLDMDBO,44135191
HXYSSRXE,AXULOHBQ,148435
HXYSSRXE,BJALXPFS,268985
HXYSSRXE,BLANHGYY,153466
HXYSSRXE,BSRMSVTC,443717
HXYSSRXE,BTMOEMEP,14945763
HXYSSRXE,CCLHWFWF,15672248
HXYSSRXE,DEWLVASR,641552
HXYSSRXE,DNMPSKTB,4837731
HXYSSRXE,ELQGMQWE,880161
HXYSSRXE,EVBVXETX,5018640
HXYSSRXE,FDXPMYGF,115604
HXYSSRXE,FQCLOEXA,2239960
HXYSSRXE,FRHNWLNI,888383
HXYSSRXE,GYHKIVQT,19820943
HXYSSRXE,JBVHSUWY,484140
HXYSSRXE,JPBRUTWP,5669962
HXYSSRXE,KEUWZRKO,436444
HXYSSRXE,LPHPPJUG,1383815
HXYSSRXE,LSOIUSXD,374129
HXYSSRXE,LUENUFGA,3484908
HXYSSRXE,NZKBIBNU,466547
HXYSSRXE,OGAFEHLU,102871
HXYSSRXE,OKMBFVKS,2029394
HXYSSRXE,OXKURKXR,215162
HXYSSRXE,PYZMVUWD,112422
HXYSSRXE,QJQJSWFU,250609
HXYSSRXE,QRKRBYJL,2326831
HXYSSRXE,RAWUKQMJ,3850069
HXYSSRXE,RCBZUSIM,124925
HXYSSRXE,RJGPVEXX,893617
HXYSSRXE,SAHWCZNH,1777654
HXYSSRXE,SDWAYPIK,5878761
HXYSSRXE,SUOYXCHP,109673
HXYSSRXE,TGOELCAG,343062
HXYSSRXE,UGEQLMXM,296996
HXYSSRXE,UIFPPCLR,228425
HXYSSRXE,VMAQSTJE,143596
HXYSSRXE,VWMBASNE,225739
HXYSSRXE,WBLJNPZQ,287326
HXYSSRXE,WPQXWHYO,11794983
HXYSSRXE,WQMVCOEM,112177
HXYSSRXE,XIFHSOWQ,159295
HXYSSRXE,XIPPENFQ,325313
HXYSSRXE,XUOIQPFL,2129734
HXYSSRXE,ZGJXVMNI,2547163
HXYSSRXE,ZKENOUDA,599252
IGDVVKUD,APQGTRMF,168837
IGDVVKUD,ATLDMDBO,44138285
IGDVVKUD,BEZYMBBT,3045858
IGDVVKUD,BLANHGYY,175932
IGDVVKUD,BSRMSVTC,476187
IGDVVKUD,BTMOEMEP,14915541
IGDVVKUD,BUZIIBYG,14462214
IGDVVKUD,DBWLZWNK,279336
IGDVVKUD,DJBLNPNC,89237
IGDVVKUD,DNMPSKTB,4869121
IGDVVKUD,DUCMGGNW,874797
IGDVVKUD,EVBVXETX,4903978
IGDVVKUD,FDXPMYGF,124859
IGDVVKUD,FITUEHWN,200576
IGDVVKUD,FQCLOEXA,2229433
IGDVVKUD,FRHNWLNI,890190
IGDVVKUD,FWUCPMMW,149063
IGDVVKUD,GYHKIVQT,19838962
IGDVVKUD,HXYSSRXE,4769058
IGDVVKUD,JPBRUTWP,5688637
IGDVVKUD,LPHPPJUG,1388579
IGDVVKUD,LRVGFDFM,2060844
IGDVVKUD,OKMBFVKS,2026703
IGDVVKUD,OXKURKXR,218021
IGDVVKUD,QRKRBYJL,2318354
IGDVVKUD,QVLMOEYE,1057495
IGDVVKUD,RAWUKQMJ,3875293
IGDVVKUD,RCBZUSIM,141031
IGDVVKUD,ROACSLMG,2258291
IGDVVKUD,SAAYMURU,169297
IGDVVKUD,SAHWCZNH,1870868
IGDVVKUD,SDWAYPIK,5886263
IGDVVKUD,SNHYOVBM,316020
IGDVVKUD,SUOYXCHP,108742
IGDVVKUD,UGEQLMXM,317914
IGDVVKUD,UIFPPCLR,234786
IGDVVKUD,UXSPKBJR,586334
IGDVVKUD,VBYCLTYZ,612983
IGDVVKUD,VMAQSTJE,156171
IGDVVKUD,VWMBASNE,239386
IGDVVKUD,WHPUAOID,164118
IGDVVKUD,WQMVCOEM,124985
IGDVVKUD,XUOIQPFL,2153881
JBVHSUWY,AANGBULD,692185
JBVHSUWY,AHMDUILJ,214860
JBVHSUWY,APQGTRMF,150121
JBVHSUWY,BEZYMBBT,3050906
JBVHSUWY,ELQGMQWE,910857
JBVHSUWY,FITUEHWN,293420
JBVHSUWY,FQCLOEXA,2228433
JBVHSUWY,FTSVTTSR,301782
JBVHSUWY,GYHKIVQT,19835437
JBVHSUWY,HCDTGMST,155074
JBVHSUWY,JERHKLYW,237520
JBVHSUWY,KEUWZRKO,451469
JBVHSUWY,KJNSOAHR,14621619
JBVHSUWY,LLHREMKS,174824
JBVHSUWY,LTOYKIML,664147
JBVHSUWY,MBSBZBXA,4765188
JBVHSUWY,NAQIHUKZ,108831
JBVHSUWY,OKMBFVKS,2039094
JBVHSUWY,PYZMVUWD,148145
JBVHSUWY,QJQJSWFU,245910
JBVHSUWY,RAWUKQMJ,3887491
JBVHSUWY,RJGPVEXX,869609
JBVHSUWY,SAAYMURU,160957
JBVHSUWY,SDWAYPIK,5892817
JBVHSUWY,STZDBITS,22426076
JBVHSUWY,SUOYXCHP,136492
JBVHSUWY,TGOELCAG,346301
JBVHSUWY,UIFPPCLR,234477
JBVHSUWY,VBYCLTYZ,642627
JBVHSUWY,VMAQSTJE,141106
JBVHSUWY,WBLJNPZQ,294129
JBVHSUWY,WHPUAOID,169282
JBVHSUWY,WPQXWHYO,11784904
JBVHSUWY,XIIEJNEE,256481
JBVHSUWY,XUOIQPFL,2153791
JBVHSUWY,ZKENOUDA,592870
JBVHSUWY,ZXERAXWP,250689
JERHKLYW,AANGBULD,607076
JERHKLYW,AHMDUILJ,307375
JERHKLYW,ATLDMDBO,44230634
JERHKLYW,AXULOHBQ,269902
JERHKLYW,BEZYMBBT,3134722
JERHKLYW,BUZIIBYG,14473412
JERHKLYW,CCLHWFWF,15755802
JERHKLYW,DBWLZWNK,383616
JERHKLYW,DNMPSKTB,4971991
JERHKLYW,FTSVTTSR,335028
JERHKLYW,GKQIJYDH,8024436
JERHKLYW,JBVHSUWY,497499
JERHKLYW,KEUWZRKO,474441
JERHKLYW,LPHPPJUG,1305098
JERHKLYW,LTOYKIML,553700
JERHKLYW,MBSBZBXA,4672790
JERHKLYW,OXKURKXR,321061
JERHKLYW,QKXNTIIB,1450800
JERHKLYW,QRKRBYJL,2405983
JERHKLYW,RAWUKQMJ,3975039
JERHKLYW,SDWAYPIK,5983319
JERHKLYW,TGOELCAG,338965
JERHKLYW,UGEQLMXM,411490
JERHKLYW,UIFPPCLR,321483
JERHKLYW,UQYUIVVR,7538339
JERHKLYW,UXSPKBJR,702623
JERHKLYW,VUAFAIYJ,833263
JERHKLYW,VWMBASNE,233621
JERHKLYW,WBLJNPZQ,375187
JERHKLYW,WQMVCOEM,217379
JERHKLYW,XIFHSOWQ,177702
JERHKLYW,XIPPENFQ,255834
JERHKLYW,XUOIQPFL,2235802
JERHKLYW,ZKENOUDA,501208
JPBRUTWP,AANGBULD,693378
JPBRUTWP,APQGTRMF,129345
JPBRUTWP,ATLDMDBO,44107920
JPBRUTWP,AXULOHBQ,170615
JPBRUTWP,BEZYMBBT,3025545
JPBRUTWP,BLANHGYY,183890
JPBRUTWP,BSRMSVTC,466199
JPBRUTWP,BTMOEMEP,14941314
JPBRUTWP,DBWLZWNK,263499
JPBRUTWP,DEWLVASR,637228
JPBRUTWP,DJBLNPNC,128901
JPBRUTWP,DNMPSKTB,4837686
JPBRUTWP,DUCMGGNW,865495
JPBRUTWP,ELQGMQWE,900435
JPBRUTWP,EVBVXETX,4993784
JPBRUTWP,FCYBOAXC,105033048
JPBRUTWP,FDXPMYGF,131139
JPBRUTWP,FQCLOEXA,2243088
JPBRUTWP,FRHNWLNI,902657
JPBRUTWP,GYHKIVQT,19798811
JPBRUTWP,HXYSSRXE,4766438
JPBRUTWP,IGDVVKUD,137787
JPBRUTWP,JBVHSUWY,464475
JPBRUTWP,JERHKLYW,220813
JPBRUTWP,KJNSOAHR,14622232
JPBRUTWP,LPHPPJUG,1378654
JPBRUTWP,LSOIUSXD,350058
JPBRUTWP,LTOYKIML,646083
JPBRUTWP,OGAFEHLU,106533
JPBRUTWP,OKMBFVKS,2001736
JPBRUTWP,OXKURKXR,199191
JPBRUTWP,PYZMVUWD,124264
JPBRUTWP,QRKRBYJL,2290937
JPBRUTWP,QVLMOEYE,1032115
JPBRUTWP,RAWUKQMJ,3862210
JPBRUTWP,RCBZUSIM,106498
JPBRUTWP,RJGPVEXX,869393
JPBRUTWP,ROACSLMG,2274132
JPBRUTWP,SDWAYPIK,5863920
JPBRUTWP,SUOYXCHP,126723
JPBRUTWP,TGOELCAG,414893
JPBRUTWP,UGEQLMXM,291441
JPBRUTWP,UIFPPCLR,222821
JPBRUTWP,UXSPKBJR,592334
JPBRUTWP,VBYCLTYZ,615177
JPBRUTWP,VMAQSTJE,142120
JPBRUTWP,VWMBASNE,205602
JPBRUTWP,WBLJNPZQ,275976
JPBRUTWP,WQMVCOEM,139315
JPBRUTWP,XUOIQPFL,2136927
JPBRUTWP,YSYHGLQK,211739
JPBRUTWP,ZGJXVMNI,2547234
JPBRUTWP,ZKENOUDA,599727
JPBRUTWP,ZXERAXWP,251337
JSLXRQOK,APQGTRMF,166988
JSLXRQOK,BUZIIBYG,14563939
JSLXRQOK,CCLHWFWF,15698467
JSLXRQOK,DEWLVASR,568153
JSLXRQOK,DJBLNPNC,118669
JSLXRQOK,EVBVXETX,4898428
JSLXRQOK,FDXPMYGF,147334
JSLXRQOK,FITUEHWN,199382
JSLXRQOK,FTSVTTSR,261145
JSLXRQOK,GKQIJYDH,7953402
JSLXRQOK,KJNSOAHR,14513700
JSLXRQOK,LLHREMKS,130628
JSLXRQOK,LUENUFGA,3567944
JSLXRQOK,NAQIHUKZ,78163
JSLXRQOK,QJQJSWFU,345228
JSLXRQOK,SAAYMURU,159008
JSLXRQOK,STZDBITS,22419952
JSLXRQOK,SUOYXCHP,147413
JSLXRQOK,TGOELCAG,342991
JSLXRQOK,UIFPPCLR,329957
JSLXRQOK,VUAFAIYJ,840521
JSLXRQOK,XIIEJNEE,138951
JSLXRQOK,YSYHGLQK,142837
KAGJCHMR,AANGBULD,585869
KAGJCHMR,BTMOEMEP,15036082
KAGJCHMR,BUZIIBYG,14473921
KAGJCHMR,DDEXPPXU,130860
KAGJCHMR,DUCMGGNW,947800
KAGJCHMR,FQCLOEXA,2134408
KAGJCHMR,FTSVTTSR,325072
KAGJCHMR,FWUCPMMW,127766
KAGJCHMR,GKQIJYDH,7925667
KAGJCHMR,GYHKIVQT,19923860
KAGJCHMR,JERHKLYW,143045
KAGJCHMR,JSLXRQOK,141377
KAGJCHMR,KJNSOAHR,14526693
KAGJCHMR,LLHREMKS,186981
KAGJCHMR,LPHPPJUG,1304319
KAGJCHMR,LTOYKIML,541397
KAGJCHMR,NZKBIBNU,383655
KAGJCHMR,OXKURKXR,308608
KAGJCHMR,QJQJSWFU,322698
KAGJCHMR,RCBZUSIM,223495
KAGJCHMR,RJGPVEXX,780765
KAGJCHMR,SDWAYPIK,6001597
KAGJCHMR,UGEQLMXM,408578
KAGJCHMR,UQYUIVVR,7540056
KAGJCHMR,VMAQSTJE,238142
KAGJCHMR,WPQXWHYO,11716302
KAGJCHMR,YSYHGLQK,144300
KAGJCHMR,ZGJXVMNI,2437401
KAGJCHMR,ZKENOUDA,490020
KAGJCHMR,ZXERAXWP,158206
KEUWZRKO,ATLDMDBO,44249445
KEUWZRKO,EVBVXETX,5000058
KEUWZRKO,FRHNWLNI,1007985
KEUWZRKO,HCDTGMST,169839
KEUWZRKO,HXYSSRXE,4888896
KEUWZRKO,JBVHSUWY,491750
KEUWZRKO,JPBRUTWP,5780408
KEUWZRKO,KJNSOAHR,14620497
KEUWZRKO,LTOYKIML,649070
KEUWZRKO,LUENUFGA,3462933
KEUWZRKO,MIRCVAMV,183799
KEUWZRKO,NZKBIBNU,490078
KEUWZRKO,PYZMVUWD,146210
KEUWZRKO,QJQJSWFU,237029
KEUWZRKO,QKXNTIIB,1536162
KEUWZRKO,RCBZUSIM,226183
KEUWZRKO,RJGPVEXX,867460
KEUWZRKO,SAHWCZNH,1761328
KEUWZRKO,UIFPPCLR,221925
KEUWZRKO,UQYUIVVR,7621646
KEUWZRKO,UXSPKBJR,681598
KEUWZRKO,VWMBASNE,219025
KEUWZRKO,WPQXWHYO,11813456
KEUWZRKO,WQMVCOEM,225673
KEUWZRKO,XIFHSOWQ,139129
KEUWZRKO,XIPPENFQ,247692
KEUWZRKO,ZGJXVMNI,2453978
KEUWZRKO,ZKENOUDA,572135
KJNSOAHR,APQGTRMF,224793
KJNSOAHR,ATLDMDBO,44147805
KJNSOAHR,BEZYMBBT,3108902
KJNSOAHR,BTMOEMEP,14946077
KJNSOAHR,BUZIIBYG,14444478
KJNSOAHR,DBWLZWNK,361394
KJNSOAHR,DDEXPPXU,225383
KJNSOAHR,DJBLNPNC,134870
KJNSOAHR,EVBVXETX,4864256
KJNSOAHR,FCYBOAXC,104918692
KJNSOAHR,FITUEHWN,189849
KJNSOAHR,FQCLOEXA,2113827
KJNSOAHR,GKQIJYDH,7927084
KJNSOAHR,GYHKIVQT,19896044
KJNSOAHR,IGDVVKUD,132398
KJNSOAHR,LLHREMKS,157871
KJNSOAHR,LRVGFDFM,2047484
KJNSOAHR,LSOIUSXD,356337
KJNSOAHR,QRKRBYJL,2301340
KJNSOAHR,QVLMOEYE,1054982
KJNSOAHR,RAWUKQMJ,3927971
KJNSOAHR,RCBZUSIM,127692
KJNSOAHR,ROACSLMG,2268883
KJNSOAHR,SDWAYPIK,5894086
KJNSOAHR,SUOYXCHP,119602
KJNSOAHR,UGEQLMXM,284908
KJNSOAHR,VBYCLTYZ,628263
KJNSOAHR,XIIEJNEE,142620
KJNSOAHR,XIPPENFQ,320304
KJNSOAHR,XUOIQPFL,2215765
KJNSOAHR,ZCELVYQU,298650
KJNSOAHR,ZXERAXWP,130614
LLHREMKS,AANGBULD,594596
LLHREMKS,BEZYMBBT,3151373
LLHREMKS,BJALXPFS,287010
LLHREMKS,BLANHGYY,176042
LLHREMKS,BUZIIBYG,14462850
LLHREMKS,CCLHWFWF,15678922
LLHREMKS,DEWLVASR,554282
LLHREMKS,ELQGMQWE,782859
LLHREMKS,FCYBOAXC,104954515
LLHREMKS,FWUCPMMW,122888
LLHREMKS,GKQIJYDH,7912531
LLHREMKS,KAGJCHMR,128242
LLHREMKS,KJNSOAHR,14529028
LLHREMKS,LSOIUSXD,357403
LLHREMKS,MBSBZBXA,4669847
LLHREMKS,OKMBFVKS,2121104
LLHREMKS,QKXNTIIB,1459688
LLHREMKS,STZDBITS,22396430
LLHREMKS,UGEQLMXM,298224
LLHREMKS,VBYCLTYZ,649501
LLHREMKS,VUAFAIYJ,852934
LLHREMKS,XIIEJNEE,155714
LLHREMKS,XIPPENFQ,335085
LLHREMKS,YSYHGLQK,132626
LLHREMKS,ZCELVYQU,292822
LLHREMKS,ZXERAXWP,132529
LPHPPJUG,AANGBULD,603478
LPHPPJUG,AHMDUILJ,212702
LPHPPJUG,AXULOHBQ,278470
LPHPPJUG,BEZYMBBT,3119910
LPHPPJUG,BJALXPFS,361372
LPHPPJUG,BSRMSVTC,573549
LPHPPJUG,DDEXPPXU,120642
LPHPPJUG,DEWLVASR,549690
LPHPPJUG,DJBLNPNC,133450
LPHPPJUG,DNMPSKTB,4964095
LPHPPJUG,ELQGMQWE,810727
LPHPPJUG,EVBVXETX,4886788
LPHPPJUG,FDXPMYGF,207888
LPHPPJUG,FQCLOEXA,2114237
LPHPPJUG,FRHNWLNI,915032
LPHPPJUG,GYHKIVQT,19933392
LPHPPJUG,HXYSSRXE,4882859
LPHPPJUG,IGDVVKUD,152960
LPHPPJUG,JBVHSUWY,579303
LPHPPJUG,JPBRUTWP,5765181
LPHPPJUG,KEUWZRKO,575434
LPHPPJUG,LUENUFGA,3592389
LPHPPJUG,MBSBZBXA,4754254
LPHPPJUG,NZKBIBNU,370975
LPHPPJUG,OGAFEHLU,235542
LPHPPJUG,OKMBFVKS,2126003
LPHPPJUG,PYZMVUWD,220450
LPHPPJUG,QJQJSWFU,332460
LPHPPJUG,RAWUKQMJ,3949644
LPHPPJUG,RJGPVEXX,787926
LPHPPJUG,SAHWCZNH,1906201
LPHPPJUG,SDWAYPIK,6001895
LPHPPJUG,VMAQSTJE,255897
LPHPPJUG,WBLJNPZQ,385156
LPHPPJUG,WPQXWHYO,11715810
LPHPPJUG,XUOIQPFL,2224978
LPHPPJUG,ZGJXVMNI,2451573
LPHPPJUG,ZKENOUDA,481994
LPHPPJUG,ZXERAXWP,169804
LRVGFDFM,APQGTRMF,128817
LRVGFDFM,ATLDMDBO,44098545
LRVGFDFM,AXULOHBQ,145908
LRVGFDFM,BEZYMBBT,3038086
LRVGFDFM,BJALXPFS,261036
LRVGFDFM,BLANHGYY,156383
LRVGFDFM,BTMOEMEP,14914377
LRVGFDFM,BUZIIBYG,14440888
LRVGFDFM,DBWLZWNK,240389
LRVGFDFM,DJBLNPNC,122745
LRVGFDFM,DNMPSKTB,4838064
LRVGFDFM,EVBVXETX,4846779
LRVGFDFM,FCYBOAXC,104927000
LRVGFDFM,FRHNWLNI,873765
LRVGFDFM,GYHKIVQT,19793028
LRVGFDFM,HXYSSRXE,4770248
LRVGFDFM,IGDVVKUD,54758
LRVGFDFM,JBVHSUWY,469129
LRVGFDFM,JPBRUTWP,5644916
LRVGFDFM,LPHPPJUG,1376072
LRVGFDFM,LSOIUSXD,336127
LRVGFDFM,NZKBIBNU,367884
LRVGFDFM,OGAFEHLU,47129
LRVGFDFM,OKMBFVKS,2008927
LRVGFDFM,OXKURKXR,162244
LRVGFDFM,PYZMVUWD,129594
LRVGFDFM,QJQJSWFU,223231
LRVGFDFM,QRKRBYJL,2278086
LRVGFDFM,QVLMOEYE,1014898
LRVGFDFM,RAWUKQMJ,3860113
LRVGFDFM,RCBZUSIM,103426
LRVGFDFM,ROACSLMG,2246104
LRVGFDFM,SAHWCZNH,1824155
LRVGFDFM,SDWAYPIK,5816739
LRVGFDFM,UGEQLMXM,231422
LRVGFDFM,UXSPKBJR,568424
LRVGFDFM,VBYCLTYZ,591344
LRVGFDFM,VUAFAIYJ,926554
LRVGFDFM,VWMBASNE,189860
LRVGFDFM,WHPUAOID,234243
LRVGFDFM,WQMVCOEM,120863
LRVGFDFM,XIIEJNEE,85148
LRVGFDFM,XIPPENFQ,329372
LRVGFDFM,XMKRPGLB,1166992
LRVGFDFM,XUOIQPFL,2127870
LRVGFDFM,ZGJXVMNI,2512687
LSOIUSXD,AHMDUILJ,224699
LSOIUSXD,APQGTRMF,163492
LSOIUSXD,AXULOHBQ,157296
LSOIUSXD,BJALXPFS,285833
LSOIUSXD,BLANHGYY,173878
LSOIUSXD,BSRMSVTC,477895
LSOIUSXD,BTMOEMEP,14969053
LSOIUSXD,CCLHWFWF,15771677
LSOIUSXD,DEWLVASR,637567
LSOIUSXD,DNMPSKTB,4875971
LSOIUSXD,DUCMGGNW,856134
LSOIUSXD,ELQGMQWE,910049
LSOIUSXD,EVBVXETX,4990441
LSOIUSXD,FCYBOAXC,105061681
LSOIUSXD,FDXPMYGF,138954
LSOIUSXD,FITUEHWN,286489
LSOIUSXD,FQCLOEXA,2235872
LSOIUSXD,FWUCPMMW,239779
LSOIUSXD,GYHKIVQT,19829271
LSOIUSXD,JBVHSUWY,490295
LSOIUSXD,JERHKLYW,236403
LSOIUSXD,KJNSOAHR,14611653
LSOIUSXD,LPHPPJUG,1383708
LSOIUSXD,LRVGFDFM,2168818
LSOIUSXD,LTOYKIML,559972
LSOIUSXD,MIRCVAMV,190091
LSOIUSXD,NZKBIBNU,466081
LSOIUSXD,OXKURKXR,219517
LSOIUSXD,QKXNTIIB,1456738
LSOIUSXD,QVLMOEYE,1065481
LSOIUSXD,ROACSLMG,2363535
LSOIUSXD,SUOYXCHP,135060
LSOIUSXD,UIFPPCLR,236491
LSOIUSXD,VUAFAIYJ,821987
LSOIUSXD,VWMBASNE,204458
LSOIUSXD,WBLJNPZQ,263285
LSOIUSXD,WHPUAOID,175527
LSOIUSXD,XIFHSOWQ,167723
LSOIUSXD,XIPPENFQ,249855
LSOIUSXD,XUOIQPFL,2141173
LSOIUSXD,YSYHGLQK,222699
LSOIUSXD,ZCELVYQU,406139
LSOIUSXD,ZGJXVMNI,2526008
LSOIUSXD,ZKENOUDA,603115
LSOIUSXD,ZXERAXWP,251886
LTOYKIML,DDEXPPXU,148772
LTOYKIML,DEWLVASR,556474
LTOYKIML,FTSVTTSR,301501
LTOYKIML,GKQIJYDH,7954064
LTOYKIML,JBVHSUWY,579261
LTOYKIML,JPBRUTWP,5806612
LTOYKIML,JSLXRQOK,123946
LTOYKIML,KEUWZRKO,468874
LTOYKIML,LLHREMKS,167978
LTOYKIML,LRVGFDFM,2148694
LTOYKIML,LSOIUSXD,450852
LTOYKIML,MBSBZBXA,4783116
LTOYKIML,NAQIHUKZ,115807
LTOYKIML,OJIFIHMZ,3047079
LTOYKIML,OXKURKXR,319052
LTOYKIML,QKXNTIIB,1459503
LTOYKIML,ROACSLMG,2367740
LTOYKIML,STZDBITS,22492307
LTOYKIML,SUOYXCHP,128008
LTOYKIML,UXSPKBJR,691595
LTOYKIML,VUAFAIYJ,833033
LTOYKIML,WBLJNPZQ,298045
LTOYKIML,WHPUAOID,162466
LTOYKIML,XIIEJNEE,153035
LTOYKIML,XUOIQPFL,2229692
LTOYKIML,ZCELVYQU,330568
LTOYKIML,ZKENOUDA,501272
LUENUFGA,AHMDUILJ,220167
LUENUFGA,ATLDMDBO,44241438
LUENUFGA,AXULOHBQ,264717
LUENUFGA,DNMPSKTB,4979249
LUENUFGA,EVBVXETX,4988215
LUENUFGA,FRHNWLNI,969122
LUENUFGA,HXYSSRXE,4868900
LUENUFGA,IGDVVKUD,215966
LUENUFGA,JPBRUTWP,5775504
LUENUFGA,KJNSOAHR,14608157
LUENUFGA,LPHPPJUG,1286872
LUENUFGA,LRVGFDFM,2155328
LUENUFGA,MIRCVAMV,160323
LUENUFGA,NZKBIBNU,451243
LUENUFGA,OGAFEHLU,217339
LUENUFGA,PYZMVUWD,214726
LUENUFGA,QJQJSWFU,238832
LUENUFGA,QRKRBYJL,2410026
LUENUFGA,RAWUKQMJ,3963015
LUENUFGA,RCBZUSIM,221987
LUENUFGA,SAHWCZNH,1774662
LUENUFGA,SDWAYPIK,5986086
LUENUFGA,UGEQLMXM,403244
LUENUFGA,VWMBASNE,214437
LUENUFGA,WBLJNPZQ,356784
LUENUFGA,WPQXWHYO,11788109
LUENUFGA,XIFHSOWQ,131118
LUENUFGA,XIPPENFQ,222814
LUENUFGA,ZCELVYQU,415190
LUENUFGA,ZGJXVMNI,2443799
LUENUFGA,ZXERAXWP,253542
MBSBZBXA,AANGBULD,583718
MBSBZBXA,AHMDUILJ,300562
MBSBZBXA,ATLDMDBO,44245178
MBSBZBXA,BUZIIBYG,14522807
MBSBZBXA,DDEXPPXU,142869
MBSBZBXA,DUCMGGNW,951455
MBSBZBXA,FTSVTTSR,322572
MBSBZBXA,HCDTGMST,139939
MBSBZBXA,HXYSSRXE,4880091
MBSBZBXA,JBVHSUWY,573446
MBSBZBXA,JERHKLYW,140287
MBSBZBXA,LUENUFGA,3494807
MBSBZBXA,NZKBIBNU,466188
MBSBZBXA,OJIFIHMZ,3116819
MBSBZBXA,PYZMVUWD,134911
MBSBZBXA,QJQJSWFU,326463
MBSBZBXA,QRKRBYJL,2425136
MBSBZBXA,QVLMOEYE,1158733
MBSBZBXA,RCBZUSIM,213820
MBSBZBXA,ROACSLMG,2366714
MBSBZBXA,SDWAYPIK,5976489
MBSBZBXA,TGOELCAG,339972
MBSBZBXA,UQYUIVVR,7525257
MBSBZBXA,VBYCLTYZ,746801
MBSBZBXA,VMAQSTJE,217076
MBSBZBXA,YSYHGLQK,124919
MIRCVAMV,AHMDUILJ,316720
MIRCVAMV,APQGTRMF,184281
MIRCVAMV,CCLHWFWF,15656431
MIRCVAMV,DBWLZWNK,288106
MIRCVAMV,DDEXPPXU,138039
MIRCVAMV,DEWLVASR,647732
MIRCVAMV,DUCMGGNW,952938
MIRCVAMV,FCYBOAXC,105032308
MIRCVAMV,FITUEHWN,280009
MIRCVAMV,JERHKLYW,149803
MIRCVAMV,KAGJCHMR,122871
MIRCVAMV,LPHPPJUG,1291187
MIRCVAMV,LSOIUSXD,378711
MIRCVAMV,LTOYKIML,544770
MIRCVAMV,NZKBIBNU,383437
MIRCVAMV,OXKURKXR,232406
MIRCVAMV,RJGPVEXX,796461
MIRCVAMV,UQYUIVVR,7552751
MIRCVAMV,VUAFAIYJ,941082
MIRCVAMV,WHPUAOID,252023
MIRCVAMV,ZGJXVMNI,2432715
MIRCVAMV,ZKENOUDA,513866
NAQIHUKZ,BEZYMBBT,3136765
NAQIHUKZ,BUZIIBYG,14477198
NAQIHUKZ,DBWLZWNK,294625
NAQIHUKZ,DEWLVASR,557805
NAQIHUKZ,DUCMGGNW,877934
NAQIHUKZ,FITUEHWN,179596
NAQIHUKZ,FQCLOEXA,2134115
NAQIHUKZ,FTSVTTSR,243895
NAQIHUKZ,GKQIJYDH,7929815
NAQIHUKZ,KAGJCHMR,140004
NAQIHUKZ,LLHREMKS,110103
NAQIHUKZ,OKMBFVKS,2130990
NAQIHUKZ,SAAYMURU,131299
NAQIHUKZ,SNHYOVBM,323429
NAQIHUKZ,STZDBITS,22395569
NAQIHUKZ,SUOYXCHP,140749
NAQIHUKZ,TGOELCAG,339055
NAQIHUKZ,VUAFAIYJ,839432
NAQIHUKZ,WHPUAOID,161381
NAQIHUKZ,YSYHGLQK,138801
NAQIHUKZ,ZCELVYQU,304445
NZKBIBNU,AANGBULD,593803
NZKBIBNU,DEWLVASR,547719
NZKBIBNU,DUCMGGNW,860147
NZKBIBNU,ELQGMQWE,793682
NZKBIBNU,EVBVXETX,4884537
NZKBIBNU,FDXPMYGF,151729
NZKBIBNU,FITUEHWN,197358
NZKBIBNU,FRHNWLNI,887832
NZKBIBNU,FTSVTTSR,309866
NZKBIBNU,FWUCPMMW,131173
NZKBIBNU,IGDVVKUD,155308
NZKBIBNU,JSLXRQOK,127188
NZKBIBNU,KAGJCHMR,228494
NZKBIBNU,KEUWZRKO,559282
NZKBIBNU,KJNSOAHR,14527452
NZKBIBNU,LTOYKIML,554316
NZKBIBNU,LUENUFGA,3597154
NZKBIBNU,NAQIHUKZ,111622
NZKBIBNU,OKMBFVKS,2141789
NZKBIBNU,PYZMVUWD,212737
NZKBIBNU,QJQJSWFU,332452
NZKBIBNU,RCBZUSIM,133903
NZKBIBNU,RJGPVEXX,779928
NZKBIBNU,SAHWCZNH,1891876
NZKBIBNU,SUOYXCHP,138135
NZKBIBNU,UIFPPCLR,308523
NZKBIBNU,VUAFAIYJ,837514
NZKBIBNU,VWMBASNE,325733
NZKBIBNU,WHPUAOID,164670
NZKBIBNU,WPQXWHYO,11693394
NZKBIBNU,WQMVCOEM,124632
NZKBIBNU,XIFHSOWQ,263041
NZKBIBNU,XIIEJNEE,154754
NZKBIBNU,XIPPENFQ,358930
NZKBIBNU,ZCELVYQU,335502
NZKBIBNU,ZKENOUDA,488369
NZKBIBNU,ZXERAXWP,170426
OGAFEHLU,AHMDUILJ,221672
OGAFEHLU,APQGTRMF,155121
OGAFEHLU,ATLDMDBO,44129427
OGAFEHLU,BEZYMBBT,3056460
OGAFEHLU,BTMOEMEP,14946593
OGAFEHLU,BUZIIBYG,14467145
OGAFEHLU,DBWLZWNK,259353
OGAFEHLU,DEWLVASR,635869
OGAFEHLU,DJBLNPNC,144762
OGAFEHLU,DNMPSKTB,4838156
OGAFEHLU,DUCMGGNW,865789
OGAFEHLU,FCYBOAXC,104933595
OGAFEHLU,FRHNWLNI,898724
OGAFEHLU,GYHKIVQT,19797917
OGAFEHLU,IGDVVKUD,131402
OGAFEHLU,JPBRUTWP,5671603
OGAFEHLU,KJNSOAHR,14609575
OGAFEHLU,LPHPPJUG,1387105
OGAFEHLU,LRVGFDFM,2050271
OGAFEHLU,LSOIUSXD,364971
OGAFEHLU,MBSBZBXA,4756824
OGAFEHLU,OKMBFVKS,2007853
OGAFEHLU,OXKURKXR,207375
OGAFEHLU,QJQJSWFU,233214
OGAFEHLU,QRKRBYJL,2289963
OGAFEHLU,QVLMOEYE,1033018
OGAFEHLU,RAWUKQMJ,3873921
OGAFEHLU,RCBZUSIM,123759
OGAFEHLU,RJGPVEXX,877122
OGAFEHLU,ROACSLMG,2262542
OGAFEHLU,SDWAYPIK,5878490
OGAFEHLU,UGEQLMXM,274519
OGAFEHLU,UIFPPCLR,202572
OGAFEHLU,UQYUIVVR,7634581
OGAFEHLU,UXSPKBJR,598661
OGAFEHLU,VBYCLTYZ,601850
OGAFEHLU,VMAQSTJE,161130
OGAFEHLU,VUAFAIYJ,924033
OGAFEHLU,VWMBASNE,198819
OGAFEHLU,WBLJNPZQ,296221
OGAFEHLU,WQMVCOEM,134123
OGAFEHLU,XIFHSOWQ,175330
OGAFEHLU,XIIEJNEE,138442
OGAFEHLU,XIPPENFQ,269339
OGAFEHLU,XUOIQPFL,2136385
OGAFEHLU,ZGJXVMNI,2532870
OGAFEHLU,ZKENOUDA,582745
OGAFEHLU,ZXERAXWP,253522
OJIFIHMZ,AHMDUILJ,208064
OJIFIHMZ,BEZYMBBT,3142808
OJIFIHMZ,DEWLVASR,549065
OJIFIHMZ,FITUEHWN,178610
OJIFIHMZ,FTSVTTSR,309295
OJIFIHMZ,FWUCPMMW,220780
OJIFIHMZ,HCDTGMST,163081
OJIFIHMZ,JBVHSUWY,568516
OJIFIHMZ,JERHKLYW,136233
OJIFIHMZ,JSLXRQOK,142649
OJIFIHMZ,KEUWZRKO,567190
OJIFIHMZ,MBSBZBXA,4740590
OJIFIHMZ,NAQIHUKZ,116663
OJIFIHMZ,QJQJSWFU,326581
OJIFIHMZ,QKXNTIIB,1475770
OJIFIHMZ,RCBZUSIM,135942
OJIFIHMZ,SAHWCZNH,1885123
OJIFIHMZ,SNHYOVBM,322845
OJIFIHMZ,STZDBITS,22408396
OJIFIHMZ,TGOELCAG,430958
OJIFIHMZ,UXSPKBJR,614699
OJIFIHMZ,VMAQSTJE,156435
OJIFIHMZ,WPQXWHYO,11722513
OJIFIHMZ,XIIEJNEE,244243
OKMBFVKS,AANGBULD,677977
OKMBFVKS,APQGTRMF,164242
OKMBFVKS,ATLDMDBO,44141163
OKMBFVKS,AXULOHBQ,177554
OKMBFVKS,BEZYMBBT,3034577
OKMBFVKS,BJALXPFS,292345
OKMBFVKS,BLANHGYY,185738
OKMBFVKS,BSRMSVTC,484506
OKMBFVKS,BTMOEMEP,14941590
OKMBFVKS,DBWLZWNK,280121
OKMBFVKS,DEWLVASR,657223
OKMBFVKS,DJBLNPNC,123238
OKMBFVKS,DNMPSKTB,4875669
OKMBFVKS,ELQGMQWE,908558
OKMBFVKS,FCYBOAXC,105049729
OKMBFVKS,FDXPMYGF,121149
OKMBFVKS,FQCLOEXA,2238105
OKMBFVKS,FRHNWLNI,893678
OKMBFVKS,GYHKIVQT,19804665
OKMBFVKS,IGDVVKUD,131813
OKMBFVKS,JPBRUTWP,5692102
OKMBFVKS,KJNSOAHR,14618813
OKMBFVKS,LLHREMKS,263053
OKMBFVKS,LPHPPJUG,1378454
OKMBFVKS,OGAFEHLU,119617
OKMBFVKS,OXKURKXR,232111
OKMBFVKS,PYZMVUWD,126097
OKMBFVKS,QJQJSWFU,234969
OKMBFVKS,QRKRBYJL,2330239
OKMBFVKS,QVLMOEYE,1067319
OKMBFVKS,RAWUKQMJ,3866966
OKMBFVKS,RCBZUSIM,122974
OKMBFVKS,RJGPVEXX,868755
OKMBFVKS,ROACSLMG,2283471
OKMBFVKS,SDWAYPIK,5883034
OKMBFVKS,UGEQLMXM,309353
OKMBFVKS,UIFPPCLR,219489
OKMBFVKS,UQYUIVVR,7625565
OKMBFVKS,UXSPKBJR,600064
OKMBFVKS,VMAQSTJE,154127
OKMBFVKS,VWMBASNE,210558
OKMBFVKS,WBLJNPZQ,294711
OKMBFVKS,WPQXWHYO,11779166
OKMBFVKS,XMKRPGLB,1111002
OKMBFVKS,XUOIQPFL,2148266
OKMBFVKS,YSYHGLQK,220750
OKMBFVKS,ZGJXVMNI,2536339
OKMBFVKS,ZKENOUDA,586466
OKMBFVKS,ZXERAXWP,250627
OXKURKXR,AANGBULD,695399
OXKURKXR,APQGTRMF,151712
OXKURKXR,ATLDMDBO,44131239
OXKURKXR,AXULOHBQ,170974
OXKURKXR,BEZYMBBT,3025295
OXKURKXR,BJALXPFS,299228
OXKURKXR,BSRMSVTC,486109
OXKURKXR,BTMOEMEP,14953711
OXKURKXR,DBWLZWNK,280178
OXKURKXR,DEWLVASR,662856
OXKURKXR,DJBLNPNC,129564
OXKURKXR,DNMPSKTB,4873828
OXKURKXR,ELQGMQWE,912342
OXKURKXR,FDXPMYGF,146563
OXKURKXR,FQCLOEXA,2245679
OXKURKXR,FTSVTTSR,314081
OXKURKXR,GYHKIVQT,19825698
OXKURKXR,HXYSSRXE,4774855
OXKURKXR,IGDVVKUD,146960
OXKURKXR,JBVHSUWY,484678
OXKURKXR,JPBRUTWP,5689821
OXKURKXR,JSLXRQOK,113893
OXKURKXR,KJNSOAHR,14617599
OXKURKXR,LPHPPJUG,1390757
OXKURKXR,LSOIUSXD,355580
OXKURKXR,LTOYKIML,549181
OXKURKXR,NAQIHUKZ,123214
OXKURKXR,OJIFIHMZ,3049854
OXKURKXR,OKMBFVKS,2051198
OXKURKXR,QRKRBYJL,2310890
OXKURKXR,QVLMOEYE,1054947
OXKURKXR,RAWUKQMJ,3861996
OXKURKXR,RCBZUSIM,138244
OXKURKXR,SDWAYPIK,5884388
OXKURKXR,TGOELCAG,349360
OXKURKXR,UGEQLMXM,307145
OXKURKXR,UIFPPCLR,246180
OXKURKXR,VBYCLTYZ,640255
OXKURKXR,VMAQSTJE,163596
OXKURKXR,WBLJNPZQ,293301
OXKURKXR,WQMVCOEM,139563
OXKURKXR,XIIEJNEE,178720
OXKURKXR,XUOIQPFL,2156864
OXKURKXR,ZGJXVMNI,2544747
OXKURKXR,ZKENOUDA,598918
PYZMVUWD,AHMDUILJ,221355
PYZMVUWD,CCLHWFWF,15767917
PYZMVUWD,DDEXPPXU,246910
PYZMVUWD,DEWLVASR,632213
PYZMVUWD,EVBVXETX,4995490
PYZMVUWD,FCYBOAXC,105045180
PYZMVUWD,FRHNWLNI,971696
PYZMVUWD,GYHKIVQT,19848903
PYZMVUWD,JBVHSUWY,485451
PYZMVUWD,JPBRUTWP,5687240
PYZMVUWD,KAGJCHMR,220684
PYZMVUWD,KJNSOAHR,14626487
PYZMVUWD,LSOIUSXD,356900
PYZMVUWD,LUENUFGA,3475266
PYZMVUWD,MBSBZBXA,4764640
PYZMVUWD,MIRCVAMV,189827
PYZMVUWD,OGAFEHLU,123102
PYZMVUWD,OXKURKXR,231363
PYZMVUWD,QJQJSWFU,225372
PYZMVUWD,RJGPVEXX,877818
PYZMVUWD,SAHWCZNH,1789816
PYZMVUWD,SDWAYPIK,5899867
PYZMVUWD,UGEQLMXM,305455
PYZMVUWD,UIFPPCLR,236982
PYZMVUWD,UXSPKBJR,619237
PYZMVUWD,VUAFAIYJ,931548
PYZMVUWD,VWMBASNE,225004
PYZMVUWD,WBLJNPZQ,306301
PYZMVUWD,WPQXWHYO,11786508
PYZMVUWD,XIFHSOWQ,155166
PYZMVUWD,XIPPENFQ,258463
PYZMVUWD,XMKRPGLB,1209496
PYZMVUWD,ZKENOUDA,591853
PYZMVUWD,ZXERAXWP,267014
QJQJSWFU,AANGBULD,698338
QJQJSWFU,AHMDUILJ,232596
QJQJSWFU,APQGTRMF,176450
QJQJSWFU,BEZYMBBT,3046013
QJQJSWFU,BTMOEMEP,14954773
QJQJSWFU,BUZIIBYG,14451720
QJQJSWFU,DUCMGGNW,868424
QJQJSWFU,FCYBOAXC,105041508
QJQJSWFU,FDXPMYGF,214040
QJQJSWFU,FRHNWLNI,910025
QJQJSWFU,GYHKIVQT,19825160
QJQJSWFU,HCDTGMST,270771
QJQJSWFU,JBVHSUWY,492470
QJQJSWFU,KAGJCHMR,219080
QJQJSWFU,KJNSOAHR,14620487
QJQJSWFU,LLHREMKS,173075
QJQJSWFU,LPHPPJUG,1382879
QJQJSWFU,LTOYKIML,661204
QJQJSWFU,LUENUFGA,3581445
QJQJSWFU,MBSBZBXA,4758374
QJQJSWFU,OKMBFVKS,2019014
QJQJSWFU,OXKURKXR,214236
QJQJSWFU,QRKRBYJL,2318145
QJQJSWFU,QVLMOEYE,1068182
QJQJSWFU,RCBZUSIM,129380
QJQJSWFU,RJGPVEXX,869084
QJQJSWFU,SDWAYPIK,5878601
QJQJSWFU,UIFPPCLR,238163
QJQJSWFU,UXSPKBJR,602344
QJQJSWFU,VBYCLTYZ,648482
QJQJSWFU,VWMBASNE,227005
QJQJSWFU,WQMVCOEM,145109
QJQJSWFU,ZCELVYQU,421713
QJQJSWFU,ZKENOUDA,578908
QJQJSWFU,ZXERAXWP,249416
QKXNTIIB,AHMDUILJ,302400
QKXNTIIB,APQGTRMF,168002
QKXNTIIB,BEZYMBBT,3120239
QKXNTIIB,BLANHGYY,165704
QKXNTIIB,ELQGMQWE,792097
QKXNTIIB,FTSVTTSR,301660
QKXNTIIB,JERHKLYW,242053
QKXNTIIB,JSLXRQOK,121588
QKXNTIIB,KEUWZRKO,468042
QKXNTIIB,LTOYKIML,551207
QKXNTIIB,NAQIHUKZ,113453
QKXNTIIB,QJQJSWFU,256631
QKXNTIIB,SAAYMURU,235666
QKXNTIIB,SNHYOVBM,327117
QKXNTIIB,TGOELCAG,352540
QKXNTIIB,UQYUIVVR,7527441
QKXNTIIB,WBLJNPZQ,292630
QKXNTIIB,WPQXWHYO,11789361
QKXNTIIB,WQMVCOEM,200705
QKXNTIIB,XIIEJNEE,161539
QKXNTIIB,XIPPENFQ,253712
QRKRBYJL,AANGBULD,694840
QRKRBYJL,APQGTRMF,131816
QRKRBYJL,ATLDMDBO,44096157
QRKRBYJL,AXULOHBQ,139495
QRKRBYJL,BEZYMBBT,3041172
QRKRBYJL,BJALXPFS,278490
QRKRBYJL,BLANHGYY,172945
QRKRBYJL,BSRMSVTC,485337
QRKRBYJL,BTMOEMEP,14918999
QRKRBYJL,BUZIIBYG,14448080
QRKRBYJL,DBWLZWNK,277338
QRKRBYJL,DEWLVASR,660663
QRKRBYJL,DJBLNPNC,129065
QRKRBYJL,DNMPSKTB,4824339
QRKRBYJL,DUCMGGNW,871556
QRKRBYJL,ELQGMQWE,888807
QRKRBYJL,EVBVXETX,4989722
QRKRBYJL,FDXPMYGF,115046
QRKRBYJL,FQCLOEXA,2239956
QRKRBYJL,FRHNWLNI,880835
QRKRBYJL,GYHKIVQT,19783238
QRKRBYJL,HXYSSRXE,4773126
QRKRBYJL,IGDVVKUD,133784
QRKRBYJL,JBVHSUWY,496054
QRKRBYJL,JERHKLYW,218587
QRKRBYJL,JPBRUTWP,5654267
QRKRBYJL,KJNSOAHR,14612775
QRKRBYJL,LPHPPJUG,1417348
QRKRBYJL,LRVGFDFM,2057524
QRKRBYJL,LSOIUSXD,355796
QRKRBYJL,OGAFEHLU,107524
QRKRBYJL,OKMBFVKS,2009399
QRKRBYJL,OXKURKXR,216581
QRKRBYJL,QJQJSWFU,233670
QRKRBYJL,QVLMOEYE,1014675
QRKRBYJL,RAWUKQMJ,3862577
QRKRBYJL,RCBZUSIM,100258
QRKRBYJL,RJGPVEXX,868959
QRKRBYJL,ROACSLMG,2275071
QRKRBYJL,SDWAYPIK,5849972
QRKRBYJL,UGEQLMXM,289284
QRKRBYJL,UIFPPCLR,214991
QRKRBYJL,UXSPKBJR,594164
QRKRBYJL,VBYCLTYZ,598151
QRKRBYJL,VUAFAIYJ,914080
QRKRBYJL,VWMBASNE,235667
QRKRBYJL,WBLJNPZQ,288426
QRKRBYJL,WQMVCOEM,129175
QRKRBYJL,XUOIQPFL,2136228
QRKRBYJL,ZGJXVMNI,2541531
QRKRBYJL,ZKENOUDA,598639
QVLMOEYE,AANGBULD,694969
QVLMOEYE,APQGTRMF,133727
QVLMOEYE,ATLDMDBO,44114623
QVLMOEYE,AXULOHBQ,140382
QVLMOEYE,BEZYMBBT,3032335
QVLMOEYE,BJALXPFS,281777
QVLMOEYE,BLANHGYY,174888
QVLMOEYE,BSRMSVTC,479100
QVLMOEYE,BTMOEMEP,14925597
QVLMOEYE,DBWLZWNK,298661
QVLMOEYE,DEWLVASR,653545
QVLMOEYE,DJBLNPNC,110780
QVLMOEYE,DNMPSKTB,4832635
QVLMOEYE,ELQGMQWE,900603
QVLMOEYE,FCYBOAXC,105042318
QVLMOEYE,FDXPMYGF,104870
QVLMOEYE,FQCLOEXA,2239731
QVLMOEYE,FRHNWLNI,892555
QVLMOEYE,FWUCPMMW,147378
QVLMOEYE,GYHKIVQT,19805064
QVLMOEYE,HXYSSRXE,4774143
QVLMOEYE,IGDVVKUD,136260
QVLMOEYE,JPBRUTWP,5664165
QVLMOEYE,LPHPPJUG,1399972
QVLMOEYE,LSOIUSXD,358682
QVLMOEYE,OKMBFVKS,2009343
QVLMOEYE,OXKURKXR,230745
QVLMOEYE,QRKRBYJL,2271549
QVLMOEYE,RAWUKQMJ,3860063
QVLMOEYE,RCBZUSIM,98839
QVLMOEYE,ROACSLMG,2271222
QVLMOEYE,SDWAYPIK,5859923
QVLMOEYE,UGEQLMXM,313751
QVLMOEYE,UIFPPCLR,232501
QVLMOEYE,UXSPKBJR,597147
QVLMOEYE,VBYCLTYZ,603836
QVLMOEYE,VWMBASNE,216233
QVLMOEYE,WBLJNPZQ,273307
QVLMOEYE,WQMVCOEM,121111
QVLMOEYE,XUOIQPFL,2143024
QVLMOEYE,ZGJXVMNI,2552244
QVLMOEYE,ZKENOUDA,606947
RAWUKQMJ,APQGTRMF,157966
RAWUKQMJ,AXULOHBQ,153150
RAWUKQMJ,BJALXPFS,281744
RAWUKQMJ,BLANHGYY,181831
RAWUKQMJ,BSRMSVTC,488499
RAWUKQMJ,BTMOEMEP,14946952
RAWUKQMJ,CCLHWFWF,15769605
RAWUKQMJ,DEWLVASR,640882
RAWUKQMJ,DJBLNPNC,225643
RAWUKQMJ,DNMPSKTB,4851697
RAWUKQMJ,ELQGMQWE,886850
RAWUKQMJ,EVBVXETX,5000180
RAWUKQMJ,FDXPMYGF,132590
RAWUKQMJ,FQCLOEXA,2233184
RAWUKQMJ,GYHKIVQT,19818833
RAWUKQMJ,HXYSSRXE,4761669
RAWUKQMJ,JPBRUTWP,5689932
RAWUKQMJ,KEUWZRKO,461996
RAWUKQMJ,LPHPPJUG,1368266
RAWUKQMJ,MIRCVAMV,263976
RAWUKQMJ,NZKBIBNU,482476
RAWUKQMJ,OGAFEHLU,132033
RAWUKQMJ,PYZMVUWD,128775
RAWUKQMJ,RCBZUSIM,130966
RAWUKQMJ,RJGPVEXX,878709
RAWUKQMJ,SAHWCZNH,1783271
RAWUKQMJ,SNHYOVBM,319398
RAWUKQMJ,UGEQLMXM,307584
RAWUKQMJ,VMAQSTJE,141977
RAWUKQMJ,WBLJNPZQ,294591
RAWUKQMJ,WPQXWHYO,11820015
RAWUKQMJ,WQMVCOEM,124712
RAWUKQMJ,XIFHSOWQ,186991
RAWUKQMJ,XIIEJNEE,235028
RAWUKQMJ,XIPPENFQ,326578
RAWUKQMJ,XUOIQPFL,2152853
RAWUKQMJ,ZGJXVMNI,2544166
RAWUKQMJ,ZKENOUDA,592888
RAWUKQMJ,ZXERAXWP,243913
RCBZUSIM,APQGTRMF,149534
RCBZUSIM,ATLDMDBO,44120566
RCBZUSIM,AXULOHBQ,148774
RCBZUSIM,BEZYMBBT,3047551
RCBZUSIM,BJALXPFS,270498
RCBZUSIM,BLANHGYY,179561
RCBZUSIM,BSRMSVTC,487693
RCBZUSIM,BTMOEMEP,14941370
RCBZUSIM,BUZIIBYG,14556087
RCBZUSIM,DBWLZWNK,293166
RCBZUSIM,DDEXPPXU,219839
RCBZUSIM,DJBLNPNC,129200
RCBZUSIM,DNMPSKTB,4855487
RCBZUSIM,DUCMGGNW,878676
RCBZUSIM,ELQGMQWE,890614
RCBZUSIM,FDXPMYGF,119279
RCBZUSIM,FQCLOEXA,2228038
RCBZUSIM,FRHNWLNI,895776
RCBZUSIM,GYHKIVQT,19828621
RCBZUSIM,HXYSSRXE,4780484
RCBZUSIM,JBVHSUWY,479698
RCBZUSIM,JPBRUTWP,5701181
RCBZUSIM,JSLXRQOK,143124
RCBZUSIM,LPHPPJUG,1375769
RCBZUSIM,LSOIUSXD,359641
RCBZUSIM,LTOYKIML,649820
RCBZUSIM,OKMBFVKS,2030753
RCBZUSIM,OXKURKXR,218357
RCBZUSIM,QRKRBYJL,2324259
RCBZUSIM,QVLMOEYE,1060586
RCBZUSIM,RAWUKQMJ,3864010
RCBZUSIM,RJGPVEXX,882333
RCBZUSIM,SAHWCZNH,1809517
RCBZUSIM,SDWAYPIK,5910785
RCBZUSIM,STZDBITS,22408684
RCBZUSIM,TGOELCAG,362216
RCBZUSIM,UGEQLMXM,318436
RCBZUSIM,UIFPPCLR,229592
RCBZUSIM,VBYCLTYZ,639879
RCBZUSIM,VMAQSTJE,168133
RCBZUSIM,WBLJNPZQ,286264
RCBZUSIM,WQMVCOEM,127838
RCBZUSIM,XIIEJNEE,180286
RCBZUSIM,XIPPENFQ,343113
RCBZUSIM,XMKRPGLB,1116466
RCBZUSIM,XUOIQPFL,2147934
RCBZUSIM,YSYHGLQK,230947
RCBZUSIM,ZGJXVMNI,2533732
RCBZUSIM,ZKENOUDA,590822
RJGPVEXX,AANGBULD,572386
RJGPVEXX,BEZYMBBT,3137327
RJGPVEXX,BTMOEMEP,15049532
RJGPVEXX,DEWLVASR,556008
RJGPVEXX,DUCMGGNW,871597
RJGPVEXX,ELQGMQWE,802705
RJGPVEXX,EVBVXETX,4901469
RJGPVEXX,FITUEHWN,198878
RJGPVEXX,FQCLOEXA,2128594
RJGPVEXX,FRHNWLNI,907136
RJGPVEXX,FTSVTTSR,334805
RJGPVEXX,GYHKIVQT,19933216
RJGPVEXX,HCDTGMST,172910
RJGPVEXX,JBVHSUWY,590481
RJGPVEXX,JSLXRQOK,152404
RJGPVEXX,KEUWZRKO,560286
RJGPVEXX,KJNSOAHR,14523416
RJGPVEXX,LUENUFGA,3581567
RJGPVEXX,MBSBZBXA,4672080
RJGPVEXX,MIRCVAMV,296944
RJGPVEXX,NAQIHUKZ,135463
RJGPVEXX,NZKBIBNU,387499
RJGPVEXX,OGAFEHLU,209199
RJGPVEXX,OKMBFVKS,2106417
RJGPVEXX,OXKURKXR,308236
RJGPVEXX,PYZMVUWD,217992
RJGPVEXX,QJQJSWFU,323826
RJGPVEXX,QRKRBYJL,2402031
RJGPVEXX,SAHWCZNH,1879393
RJGPVEXX,SDWAYPIK,5991697
RJGPVEXX,UGEQLMXM,397383
RJGPVEXX,UIFPPCLR,324526
RJGPVEXX,UQYUIVVR,7532689
RJGPVEXX,VBYCLTYZ,753191
RJGPVEXX,VUAFAIYJ,828073
RJGPVEXX,VWMBASNE,311754
RJGPVEXX,WPQXWHYO,11693234
RJGPVEXX,WQMVCOEM,129629
RJGPVEXX,XIFHSOWQ,274563
RJGPVEXX,XIPPENFQ,365515
RJGPVEXX,XUOIQPFL,2228695
RJGPVEXX,ZCELVYQU,337773
RJGPVEXX,ZKENOUDA,479951
RJGPVEXX,ZXERAXWP,157428
ROACSLMG,AHMDUILJ,223724
ROACSLMG,APQGTRMF,165417
ROACSLMG,ATLDMDBO,44133861
ROACSLMG,BEZYMBBT,3044412
ROACSLMG,BLANHGYY,189913
ROACSLMG,BTMOEMEP,14929126
ROACSLMG,DJBLNPNC,123880
ROACSLMG,DNMPSKTB,4885001
ROACSLMG,DUCMGGNW,861761
ROACSLMG,ELQGMQWE,887101
ROACSLMG,FDXPMYGF,132338
ROACSLMG,FRHNWLNI,899409
ROACSLMG,GYHKIVQT,19828420
ROACSLMG,HCDTGMST,242415
ROACSLMG,HXYSSRXE,4791766
ROACSLMG,IGDVVKUD,114580
ROACSLMG,JERHKLYW,223036
ROACSLMG,JPBRUTWP,5679444
ROACSLMG,KJNSOAHR,14602396
ROACSLMG,LUENUFGA,3579532
ROACSLMG,OJIFIHMZ,3135291
ROACSLMG,OXKURKXR,229923
ROACSLMG,PYZMVUWD,212994
ROACSLMG,QRKRBYJL,2319118
ROACSLMG,QVLMOEYE,1076400
ROACSLMG,RAWUKQMJ,3879374
ROACSLMG,RCBZUSIM,135614
ROACSLMG,SAHWCZNH,1877844
ROACSLMG,SNHYOVBM,323874
ROACSLMG,TGOELCAG,431626
ROACSLMG,UXSPKBJR,594380
ROACSLMG,VBYCLTYZ,632262
ROACSLMG,VMAQSTJE,152279
ROACSLMG,WHPUAOID,167202
ROACSLMG,WQMVCOEM,127541
ROACSLMG,XIIEJNEE,160811
ROACSLMG,XMKRPGLB,1193807
ROACSLMG,XUOIQPFL,2136144
SAAYMURU,AXULOHBQ,179576
SAAYMURU,BEZYMBBT,3127343
SAAYMURU,BJALXPFS,269475
SAAYMURU,DDEXPPXU,240071
SAAYMURU,DEWLVASR,553735
SAAYMURU,FDXPMYGF,130210
SAAYMURU,FWUCPMMW,144208
SAAYMURU,GKQIJYDH,7945766
SAAYMURU,KAGJCHMR,137387
SAAYMURU,MBSBZBXA,4663777
SAAYMURU,OKMBFVKS,2112015
SAAYMURU,QJQJSWFU,330926
SAAYMURU,RCBZUSIM,216273
SAAYMURU,RJGPVEXX,787179
SAAYMURU,STZDBITS,22399156
SAAYMURU,SUOYXCHP,118740
SAAYMURU,UQYUIVVR,7530861
SAAYMURU,XIIEJNEE,165233
SAAYMURU,XUOIQPFL,2225602
SAHWCZNH,ATLDMDBO,44262305
SAHWCZNH,AXULOHBQ,271204
SAHWCZNH,BJALXPFS,386106
SAHWCZNH,BLANHGYY,271160
SAHWCZNH,BTMOEMEP,15029086
SAHWCZNH,DDEXPPXU,218141
SAHWCZNH,DNMPSKTB,4969095
SAHWCZNH,EVBVXETX,5006096
SAHWCZNH,FITUEHWN,281503
SAHWCZNH,FQCLOEXA,2206186
SAHWCZNH,FRHNWLNI,1004635
SAHWCZNH,HXYSSRXE,4904609
SAHWCZNH,JBVHSUWY,485104
SAHWCZNH,JSLXRQOK,225805
SAHWCZNH,KEUWZRKO,445792
SAHWCZNH,KJNSOAHR,14629422
SAHWCZNH,LUENUFGA,3447019
SAHWCZNH,MIRCVAMV,187640
SAHWCZNH,NZKBIBNU,486895
SAHWCZNH,OXKURKXR,315014
SAHWCZNH,PYZMVUWD,134401
SAHWCZNH,QRKRBYJL,2400786
SAHWCZNH,RAWUKQMJ,3971500
SAHWCZNH,RCBZUSIM,239469
SAHWCZNH,RJGPVEXX,871675
SAHWCZNH,UXSPKBJR,679209
SAHWCZNH,VBYCLTYZ,718526
SAHWCZNH,WPQXWHYO,11822593
SAHWCZNH,WQMVCOEM,232225
SAHWCZNH,XIFHSOWQ,126519
SAHWCZNH,XIPPENFQ,244829
SAHWCZNH,XMKRPGLB,1114509
SAHWCZNH,ZGJXVMNI,2446461
SAHWCZNH,ZXERAXWP,258407
SDWAYPIK,AANGBULD,703758
SDWAYPIK,AHMDUILJ,229624
SDWAYPIK,APQGTRMF,123390
SDWAYPIK,ATLDMDBO,44102989
SDWAYPIK,AXULOHBQ,164722
SDWAYPIK,BEZYMBBT,3021824
SDWAYPIK,BJALXPFS,295196
SDWAYPIK,BLANHGYY,182717
SDWAYPIK,BTMOEMEP,14924540
SDWAYPIK,DBWLZWNK,253307
SDWAYPIK,DEWLVASR,649731
SDWAYPIK,DJBLNPNC,121667
SDWAYPIK,DNMPSKTB,4841800
SDWAYPIK,DUCMGGNW,849839
SDWAYPIK,ELQGMQWE,884050
SDWAYPIK,EVBVXETX,4989862
SDWAYPIK,FCYBOAXC,105031922
SDWAYPIK,FDXPMYGF,138471
SDWAYPIK,FITUEHWN,297234
SDWAYPIK,FQCLOEXA,2214379
SDWAYPIK,FRHNWLNI,885314
SDWAYPIK,GYHKIVQT,19780589
SDWAYPIK,HCDTGMST,240874
SDWAYPIK,HXYSSRXE,4769887
SDWAYPIK,IGDVVKUD,116140
SDWAYPIK,JBVHSUWY,493462
SDWAYPIK,JERHKLYW,220893
SDWAYPIK,JPBRUTWP,5654185
SDWAYPIK,KJNSOAHR,14635867
SDWAYPIK,LPHPPJUG,1407641
SDWAYPIK,LRVGFDFM,2049121
SDWAYPIK,LSOIUSXD,348299
SDWAYPIK,OGAFEHLU,88516
SDWAYPIK,OKMBFVKS,1998520
SDWAYPIK,OXKURKXR,181977
SDWAYPIK,QJQJSWFU,219575
SDWAYPIK,QRKRBYJL,2279576
SDWAYPIK,QVLMOEYE,1025540
SDWAYPIK,RAWUKQMJ,3855702
SDWAYPIK,RCBZUSIM,110929
SDWAYPIK,RJGPVEXX,860419
SDWAYPIK,ROACSLMG,2270601
SDWAYPIK,UGEQLMXM,271930
SDWAYPIK,UIFPPCLR,204394
SDWAYPIK,UQYUIVVR,7617539
SDWAYPIK,UXSPKBJR,583803
SDWAYPIK,VBYCLTYZ,603417
SDWAYPIK,VMAQSTJE,152790
SDWAYPIK,VUAFAIYJ,906439
SDWAYPIK,VWMBASNE,218548
SDWAYPIK,WBLJNPZQ,286776
SDWAYPIK,WQMVCOEM,120467
SDWAYPIK,XUOIQPFL,2118478
SDWAYPIK,ZGJXVMNI,2544103
SDWAYPIK,ZKENOUDA,612629
SDWAYPIK,ZXERAXWP,253017
SNHYOVBM,AHMDUILJ,320556
SNHYOVBM,BLANHGYY,171247
SNHYOVBM,DBWLZWNK,279052
SNHYOVBM,DJBLNPNC,101582
SNHYOVBM,DUCMGGNW,971486
SNHYOVBM,ELQGMQWE,811885
SNHYOVBM,FDXPMYGF,137078
SNHYOVBM,FRHNWLNI,897840
SNHYOVBM,HCDTGMST,159566
SNHYOVBM,LLHREMKS,172476
SNHYOVBM,OXKURKXR,227014
SNHYOVBM,QKXNTIIB,1474602
SNHYOVBM,RAWUKQMJ,3957854
SNHYOVBM,RJGPVEXX,854365
SNHYOVBM,UGEQLMXM,318067
SNHYOVBM,UXSPKBJR,611486
SNHYOVBM,ZCELVYQU,402443
SNHYOVBM,ZXERAXWP,172117
STZDBITS,BUZIIBYG,14430008
STZDBITS,DBWLZWNK,253420
STZDBITS,DUCMGGNW,913698
STZDBITS,FITUEHWN,252375
STZDBITS,FQCLOEXA,2103998
STZDBITS,FWUCPMMW,53017
STZDBITS,JBVHSUWY,465797
STZDBITS,JSLXRQOK,115024
STZDBITS,LSOIUSXD,292422
STZDBITS,LTOYKIML,476694
STZDBITS,OJIFIHMZ,3013708
STZDBITS,PYZMVUWD,102849
STZDBITS,RCBZUSIM,115013
STZDBITS,SNHYOVBM,334880
STZDBITS,VUAFAIYJ,892502
STZDBITS,XIIEJNEE,115680
STZDBITS,XMKRPGLB,1113839
STZDBITS,YSYHGLQK,43730
STZDBITS,ZXERAXWP,217410
SUOYXCHP,BEZYMBBT,3138540
SUOYXCHP,BJALXPFS,380321
SUOYXCHP,FCYBOAXC,105032218
SUOYXCHP,FITUEHWN,186083
SUOYXCHP,FQCLOEXA,2219221
SUOYXCHP,HCDTGMST,161082
SUOYXCHP,KEUWZRKO,455514
SUOYXCHP,LUENUFGA,3491255
SUOYXCHP,MBSBZBXA,4765761
SUOYXCHP,NAQIHUKZ,130653
SUOYXCHP,OGAFEHLU,135848
SUOYXCHP,OKMBFVKS,2106938
SUOYXCHP,QJQJSWFU,247960
SUOYXCHP,RAWUKQMJ,3884933
SUOYXCHP,RJGPVEXX,890170
SUOYXCHP,ROACSLMG,2349915
SUOYXCHP,SAAYMURU,158883
SUOYXCHP,STZDBITS,22406437
SUOYXCHP,TGOELCAG,367376
SUOYXCHP,VMAQSTJE,165050
SUOYXCHP,WBLJNPZQ,292100
SUOYXCHP,WHPUAOID,251064
SUOYXCHP,WPQXWHYO,11801667
SUOYXCHP,XIFHSOWQ,186653
SUOYXCHP,XUOIQPFL,2146516
TGOELCAG,AHMDUILJ,311131
TGOELCAG,ATLDMDBO,44250857
TGOELCAG,BSRMSVTC,472310
TGOELCAG,BUZIIBYG,14559555
TGOELCAG,DUCMGGNW,961129
TGOELCAG,FRHNWLNI,999165
TGOELCAG,JBVHSUWY,565305
TGOELCAG,JERHKLYW,148317
TGOELCAG,JPBRUTWP,5787934
TGOELCAG,KEUWZRKO,439502
TGOELCAG,LLHREMKS,160348
TGOELCAG,LUENUFGA,3475672
TGOELCAG,OJIFIHMZ,3161062
TGOELCAG,OKMBFVKS,2127443
TGOELCAG,OXKURKXR,303461
TGOELCAG,PYZMVUWD,127519
TGOELCAG,RCBZUSIM,228804
TGOELCAG,ROACSLMG,2355942
TGOELCAG,SAHWCZNH,1787215
TGOELCAG,UIFPPCLR,327267
TGOELCAG,WPQXWHYO,11786536
TGOELCAG,WQMVCOEM,211187
TGOELCAG,XIFHSOWQ,173344
TGOELCAG,XMKRPGLB,1104012
TGOELCAG,XUOIQPFL,2242773
TGOELCAG,YSYHGLQK,114720
TGOELCAG,ZCELVYQU,403004
UGEQLMXM,APQGTRMF,147668
UGEQLMXM,ATLDMDBO,44129229
UGEQLMXM,AXULOHBQ,181044
UGEQLMXM,BEZYMBBT,3057142
UGEQLMXM,BLANHGYY,178334
UGEQLMXM,BTMOEMEP,14922321
UGEQLMXM,CCLHWFWF,15764713
UGEQLMXM,DBWLZWNK,255542
UGEQLMXM,DEWLVASR,643660
UGEQLMXM,DJBLNPNC,102225
UGEQLMXM,DNMPSKTB,4850645
UGEQLMXM,DUCMGGNW,863259
UGEQLMXM,ELQGMQWE,883281
UGEQLMXM,FQCLOEXA,2248658
UGEQLMXM,FWUCPMMW,152915
UGEQLMXM,GKQIJYDH,7945713
UGEQLMXM,GYHKIVQT,19813070
UGEQLMXM,HXYSSRXE,4777054
UGEQLMXM,IGDVVKUD,110035
UGEQLMXM,JBVHSUWY,486282
UGEQLMXM,JERHKLYW,237173
UGEQLMXM,JPBRUTWP,5668744
UGEQLMXM,KJNSOAHR,14612972
UGEQLMXM,LPHPPJUG,1399811
UGEQLMXM,LRVGFDFM,2063553
UGEQLMXM,LSOIUSXD,335595
UGEQLMXM,OGAFEHLU,102208
UGEQLMXM,OKMBFVKS,2014641
UGEQLMXM,OXKURKXR,205172
UGEQLMXM,QRKRBYJL,2293773
UGEQLMXM,QVLMOEYE,1029210
UGEQLMXM,RAWUKQMJ,3862983
UGEQLMXM,RCBZUSIM,130893
UGEQLMXM,RJGPVEXX,868459
UGEQLMXM,ROACSLMG,2269881
UGEQLMXM,SDWAYPIK,5856069
UGEQLMXM,SNHYOVBM,322492
UGEQLMXM,SUOYXCHP,144565
UGEQLMXM,UIFPPCLR,240992
UGEQLMXM,UXSPKBJR,587677
UGEQLMXM,VBYCLTYZ,601101
UGEQLMXM,VMAQSTJE,168980
UGEQLMXM,VWMBASNE,215352
UGEQLMXM,WBLJNPZQ,294503
UGEQLMXM,WHPUAOID,148208
UGEQLMXM,WQMVCOEM,145667
UGEQLMXM,XIIEJNEE,166821
UGEQLMXM,XUOIQPFL,2144711
UGEQLMXM,ZGJXVMNI,2542959
UGEQLMXM,ZKENOUDA,604734
UGEQLMXM,ZXERAXWP,256470
UIFPPCLR,AANGBULD,681893
UIFPPCLR,APQGTRMF,158603
UIFPPCLR,ATLDMDBO,44146899
UIFPPCLR,BEZYMBBT,3048013
UIFPPCLR,DBWLZWNK,297344
UIFPPCLR,DEWLVASR,647855
UIFPPCLR,DNMPSKTB,4870442
UIFPPCLR,DUCMGGNW,867153
UIFPPCLR,ELQGMQWE,896148
UIFPPCLR,FDXPMYGF,151742
UIFPPCLR,FITUEHWN,270731
UIFPPCLR,FRHNWLNI,901839
UIFPPCLR,FTSVTTSR,413865
UIFPPCLR,GYHKIVQT,19802830
UIFPPCLR,HXYSSRXE,4792173
UIFPPCLR,IGDVVKUD,150436
UIFPPCLR,JBVHSUWY,485891
UIFPPCLR,JERHKLYW,231051
UIFPPCLR,JPBRUTWP,5705562
UIFPPCLR,KJNSOAHR,14629713
UIFPPCLR,OGAFEHLU,123737
UIFPPCLR,OKMBFVKS,2020076
UIFPPCLR,QRKRBYJL,2314005
UIFPPCLR,QVLMOEYE,1068678
UIFPPCLR,RAWUKQMJ,3868409
UIFPPCLR,RCBZUSIM,141037
UIFPPCLR,RJGPVEXX,867826
UIFPPCLR,SDWAYPIK,5886780
UIFPPCLR,UGEQLMXM,312289
UIFPPCLR,UXSPKBJR,586220
UIFPPCLR,VBYCLTYZ,635373
UIFPPCLR,VMAQSTJE,152173
UIFPPCLR,WBLJNPZQ,296723
UIFPPCLR,WQMVCOEM,127332
UIFPPCLR,XMKRPGLB,1186435
UIFPPCLR,XUOIQPFL,2135040
UIFPPCLR,ZGJXVMNI,2521318
UIFPPCLR,ZKENOUDA,588662
UIFPPCLR,ZXERAXWP,254926
UQYUIVVR,AHMDUILJ,307053
UQYUIVVR,ATLDMDBO,44242027
UQYUIVVR,BSRMSVTC,465705
UQYUIVVR,DUCMGGNW,951488
UQYUIVVR,FITUEHWN,202553
UQYUIVVR,HCDTGMST,159826
UQYUIVVR,JBVHSUWY,565283
UQYUIVVR,JERHKLYW,153898
UQYUIVVR,JSLXRQOK,145867
UQYUIVVR,KAGJCHMR,137724
UQYUIVVR,KEUWZRKO,470320
UQYUIVVR,LRVGFDFM,2168793
UQYUIVVR,MIRCVAMV,274437
UQYUIVVR,NAQIHUKZ,138082
UQYUIVVR,OGAFEHLU,129049
UQYUIVVR,OKMBFVKS,2124064
UQYUIVVR,QJQJSWFU,314241
UQYUIVVR,QRKRBYJL,2419763
UQYUIVVR,SDWAYPIK,5981802
UQYUIVVR,SUOYXCHP,123840
UQYUIVVR,TGOELCAG,333837
UQYUIVVR,UIFPPCLR,338379
UQYUIVVR,VBYCLTYZ,731221
UQYUIVVR,VMAQSTJE,145025
UQYUIVVR,VWMBASNE,300682
UQYUIVVR,WHPUAOID,155293
UQYUIVVR,WQMVCOEM,106359
UQYUIVVR,ZKENOUDA,498210
UXSPKBJR,APQGTRMF,141846
UXSPKBJR,ATLDMDBO,44122423
UXSPKBJR,AXULOHBQ,189848
UXSPKBJR,BLANHGYY,185728
UXSPKBJR,BTMOEMEP,14941296
UXSPKBJR,BUZIIBYG,14454812
UXSPKBJR,DBWLZWNK,265908
UXSPKBJR,DEWLVASR,642657
UXSPKBJR,DJBLNPNC,134510
UXSPKBJR,DNMPSKTB,4854377
UXSPKBJR,DUCMGGNW,855334
UXSPKBJR,EVBVXETX,4888576
UXSPKBJR,FITUEHWN,201833
UXSPKBJR,FRHNWLNI,881585
UXSPKBJR,FWUCPMMW,156546
UXSPKBJR,GYHKIVQT,19842447
UXSPKBJR,HCDTGMST,242357
UXSPKBJR,HXYSSRXE,4769614
UXSPKBJR,IGDVVKUD,124902
UXSPKBJR,JPBRUTWP,5678696
UXSPKBJR,KEUWZRKO,558601
UXSPKBJR,LPHPPJUG,1397597
UXSPKBJR,LRVGFDFM,2060059
UXSPKBJR,LUENUFGA,3582068
UXSPKBJR,NZKBIBNU,376791
UXSPKBJR,OGAFEHLU,145491
UXSPKBJR,OJIFIHMZ,3043399
UXSPKBJR,OKMBFVKS,2045462
UXSPKBJR,OXKURKXR,231457
UXSPKBJR,QRKRBYJL,2302867
UXSPKBJR,QVLMOEYE,1054463
UXSPKBJR,RAWUKQMJ,3862223
UXSPKBJR,RCBZUSIM,116171
UXSPKBJR,ROACSLMG,2276830
UXSPKBJR,SAHWCZNH,1885068
UXSPKBJR,SDWAYPIK,5874700
UXSPKBJR,TGOELCAG,420307
UXSPKBJR,UGEQLMXM,306492
UXSPKBJR,UIFPPCLR,230903
UXSPKBJR,VBYCLTYZ,632293
UXSPKBJR,VMAQSTJE,164222
UXSPKBJR,WBLJNPZQ,303171
UXSPKBJR,WPQXWHYO,11711052
UXSPKBJR,WQMVCOEM,105858
UXSPKBJR,XIFHSOWQ,268880
UXSPKBJR,XIIEJNEE,154395
UXSPKBJR,XMKRPGLB,1199541
UXSPKBJR,XUOIQPFL,2140733
UXSPKBJR,YSYHGLQK,225177
UXSPKBJR,ZGJXVMNI,2535104
VBYCLTYZ,AANGBULD,681011
VBYCLTYZ,AHMDUILJ,227598
VBYCLTYZ,APQGTRMF,128225
VBYCLTYZ,ATLDMDBO,44105739
VBYCLTYZ,AXULOHBQ,157509
VBYCLTYZ,BEZYMBBT,3029431
VBYCLTYZ,BJALXPFS,284496
VBYCLTYZ,BLANHGYY,163303
VBYCLTYZ,BTMOEMEP,14911435
VBYCLTYZ,BUZIIBYG,14458463
VBYCLTYZ,DBWLZWNK,276587
VBYCLTYZ,DEWLVASR,655974
VBYCLTYZ,DJBLNPNC,108022
VBYCLTYZ,DNMPSKTB,4841700
VBYCLTYZ,DUCMGGNW,861304
VBYCLTYZ,ELQGMQWE,898916
VBYCLTYZ,FDXPMYGF,107564
VBYCLTYZ,FQCLOEXA,2235372
VBYCLTYZ,FRHNWLNI,892097
VBYCLTYZ,GYHKIVQT,19816186
VBYCLTYZ,HXYSSRXE,4783892
VBYCLTYZ,IGDVVKUD,117431
VBYCLTYZ,JERHKLYW,220698
VBYCLTYZ,JPBRUTWP,5667558
VBYCLTYZ,KJNSOAHR,14605986
VBYCLTYZ,LPHPPJUG,1412298
VBYCLTYZ,LSOIUSXD,367544
VBYCLTYZ,LUENUFGA,3575144
VBYCLTYZ,OGAFEHLU,127977
VBYCLTYZ,OKMBFVKS,2026351
VBYCLTYZ,OXKURKXR,210580
VBYCLTYZ,QRKRBYJL,2277387
VBYCLTYZ,QVLMOEYE,1030073
VBYCLTYZ,RAWUKQMJ,3862290
VBYCLTYZ,RCBZUSIM,116767
VBYCLTYZ,SAHWCZNH,1881313
VBYCLTYZ,SDWAYPIK,5858742
VBYCLTYZ,UGEQLMXM,307820
VBYCLTYZ,UIFPPCLR,228582
VBYCLTYZ,UXSPKBJR,588126
VBYCLTYZ,WBLJNPZQ,297593
VBYCLTYZ,WHPUAOID,163844
VBYCLTYZ,WQMVCOEM,119863
VBYCLTYZ,XUOIQPFL,2129153
VBYCLTYZ,ZCELVYQU,323683
VBYCLTYZ,ZGJXVMNI,2548080
VBYCLTYZ,ZKENOUDA,596711
VBYCLTYZ,ZXERAXWP,241878
VMAQSTJE,AHMDUILJ,231432
VMAQSTJE,BEZYMBBT,3046986
VMAQSTJE,BTMOEMEP,14962939
VMAQSTJE,DEWLVASR,649682
VMAQSTJE,EVBVXETX,4995528
VMAQSTJE,FCYBOAXC,105044303
VMAQSTJE,FITUEHWN,289351
VMAQSTJE,GYHKIVQT,19845438
VMAQSTJE,JBVHSUWY,499292
VMAQSTJE,JERHKLYW,143668
VMAQSTJE,JPBRUTWP,5687492
VMAQSTJE,KEUWZRKO,434161
VMAQSTJE,KJNSOAHR,14622165
VMAQSTJE,LPHPPJUG,1373285
VMAQSTJE,LSOIUSXD,366714
VMAQSTJE,LUENUFGA,3490010
VMAQSTJE,MBSBZBXA,4694542
VMAQSTJE,OGAFEHLU,116520
VMAQSTJE,OJIFIHMZ,3048151
VMAQSTJE,PYZMVUWD,113849
VMAQSTJE,RCBZUSIM,125554
VMAQSTJE,RJGPVEXX,865320
VMAQSTJE,SAHWCZNH,1787937
VMAQSTJE,SDWAYPIK,5888809
VMAQSTJE,SNHYOVBM,334155
VMAQSTJE,STZDBITS,22403506
VMAQSTJE,UIFPPCLR,222117
VMAQSTJE,VWMBASNE,221204
VMAQSTJE,WPQXWHYO,11794351
VMAQSTJE,XIFHSOWQ,158208
VMAQSTJE,XMKRPGLB,1201400
VMAQSTJE,XUOIQPFL,2148380
VMAQSTJE,ZGJXVMNI,2518744
VMAQSTJE,ZKENOUDA,572535
VMAQSTJE,ZXERAXWP,239489
VUAFAIYJ,AANGBULD,694779
VUAFAIYJ,APQGTRMF,278387
VUAFAIYJ,CCLHWFWF,15677887
VUAFAIYJ,DEWLVASR,554346
VUAFAIYJ,ELQGMQWE,814753
VUAFAIYJ,FCYBOAXC,105039920
VUAFAIYJ,FDXPMYGF,139555
VUAFAIYJ,FTSVTTSR,311502
VUAFAIYJ,FWUCPMMW,230556
VUAFAIYJ,GYHKIVQT,19933305
VUAFAIYJ,JPBRUTWP,5786305
VUAFAIYJ,KAGJCHMR,154904
VUAFAIYJ,KJNSOAHR,14537218
VUAFAIYJ,LLHREMKS,167898
VUAFAIYJ,LRVGFDFM,2065005
VUAFAIYJ,LSOIUSXD,490237
VUAFAIYJ,OGAFEHLU,208966
VUAFAIYJ,OKMBFVKS,2126679
VUAFAIYJ,OXKURKXR,300865
VUAFAIYJ,PYZMVUWD,208277
VUAFAIYJ,QKXNTIIB,1537541
VUAFAIYJ,QVLMOEYE,1164570
VUAFAIYJ,SDWAYPIK,5993753
VUAFAIYJ,UGEQLMXM,408062
VUAFAIYJ,UIFPPCLR,340500
VUAFAIYJ,UQYUIVVR,7544445
VUAFAIYJ,VBYCLTYZ,744015
VUAFAIYJ,VWMBASNE,327345
VUAFAIYJ,WBLJNPZQ,276634
VUAFAIYJ,WHPUAOID,146134
VUAFAIYJ,XIPPENFQ,364228
VUAFAIYJ,XMKRPGLB,1178123
VUAFAIYJ,ZCELVYQU,328860
VUAFAIYJ,ZXERAXWP,162956
VWMBASNE,AHMDUILJ,213059
VWMBASNE,BSRMSVTC,482293
VWMBASNE,CCLHWFWF,15654097
VWMBASNE,ELQGMQWE,880321
VWMBASNE,EVBVXETX,4978464
VWMBASNE,FCYBOAXC,105059381
VWMBASNE,FDXPMYGF,139525
VWMBASNE,FITUEHWN,296335
VWMBASNE,FQCLOEXA,2215689
VWMBASNE,FRHNWLNI,997778
VWMBASNE,KJNSOAHR,14600534
VWMBASNE,LRVGFDFM,2070935
VWMBASNE,LSOIUSXD,455327
VWMBASNE,MIRCVAMV,145362
VWMBASNE,NZKBIBNU,480617
VWMBASNE,PYZMVUWD,150273
VWMBASNE,ROACSLMG,2370674
VWMBASNE,STZDBITS,22429200
VWMBASNE,SUOYXCHP,128883
VWMBASNE,VUAFAIYJ,943355
VWMBASNE,WBLJNPZQ,254917
VWMBASNE,WHPUAOID,158158
VWMBASNE,WPQXWHYO,11784169
VWMBASNE,XIPPENFQ,231431
VWMBASNE,XUOIQPFL,2153896
VWMBASNE,ZKENOUDA,592811
VWMBASNE,ZXERAXWP,242259
WBLJNPZQ,AANGBULD,690989
WBLJNPZQ,APQGTRMF,180092
WBLJNPZQ,ATLDMDBO,44128604
WBLJNPZQ,AXULOHBQ,189466
WBLJNPZQ,BEZYMBBT,3046544
WBLJNPZQ,BJALXPFS,277130
WBLJNPZQ,BSRMSVTC,455885
WBLJNPZQ,BTMOEMEP,14942793
WBLJNPZQ,CCLHWFWF,15658012
WBLJNPZQ,DBWLZWNK,290885
WBLJNPZQ,DDEXPPXU,240499
WBLJNPZQ,DEWLVASR,677013
WBLJNPZQ,DNMPSKTB,4880154
WBLJNPZQ,ELQGMQWE,873768
WBLJNPZQ,FQCLOEXA,2230162
WBLJNPZQ,GYHKIVQT,19838960
WBLJNPZQ,HXYSSRXE,4761704
WBLJNPZQ,JERHKLYW,151880
WBLJNPZQ,JPBRUTWP,5667089
WBLJNPZQ,KEUWZRKO,474994
WBLJNPZQ,KJNSOAHR,14619810
WBLJNPZQ,LPHPPJUG,1403228
WBLJNPZQ,LRVGFDFM,2049105
WBLJNPZQ,LSOIUSXD,349667
WBLJNPZQ,LTOYKIML,645003
WBLJNPZQ,MIRCVAMV,172850
WBLJNPZQ,OGAFEHLU,120151
WBLJNPZQ,OKMBFVKS,2018590
WBLJNPZQ,OXKURKXR,230678
WBLJNPZQ,PYZMVUWD,125227
WBLJNPZQ,QJQJSWFU,255327
WBLJNPZQ,QKXNTIIB,1474162
WBLJNPZQ,QRKRBYJL,2303223
WBLJNPZQ,QVLMOEYE,1086804
WBLJNPZQ,RAWUKQMJ,3860835
WBLJNPZQ,RCBZUSIM,134396
WBLJNPZQ,RJGPVEXX,881996
WBLJNPZQ,SDWAYPIK,5888042
WBLJNPZQ,SNHYOVBM,435605
WBLJNPZQ,UGEQLMXM,303762
WBLJNPZQ,UIFPPCLR,239182
WBLJNPZQ,UQYUIVVR,7618052
WBLJNPZQ,VMAQSTJE,150009
WBLJNPZQ,VUAFAIYJ,954420
WBLJNPZQ,WQMVCOEM,129990
WBLJNPZQ,XIFHSOWQ,182786
WBLJNPZQ,XIPPENFQ,344438
WBLJNPZQ,XUOIQPFL,2131585
WBLJNPZQ,ZGJXVMNI,2536706
WBLJNPZQ,ZKENOUDA,595537
WHPUAOID,BSRMSVTC,483725
WHPUAOID,DUCMGGNW,853581
WHPUAOID,FCYBOAXC,105021437
WHPUAOID,FDXPMYGF,121644
WHPUAOID,FITUEHWN,205631
WHPUAOID,FRHNWLNI,898448
WHPUAOID,HCDTGMST,179231
WHPUAOID,LLHREMKS,171957
WHPUAOID,LRVGFDFM,2070966
WHPUAOID,LSOIUSXD,447463
WHPUAOID,OJIFIHMZ,3048895
WHPUAOID,SUOYXCHP,142736
WHPUAOID,TGOELCAG,367198
WHPUAOID,VUAFAIYJ,936455
WHPUAOID,WBLJNPZQ,287731
WHPUAOID,WQMVCOEM,213472
WHPUAOID,XIIEJNEE,168831
WHPUAOID,XMKRPGLB,1216165
WHPUAOID,YSYHGLQK,213944
WPQXWHYO,AANGBULD,578849
WPQXWHYO,AHMDUILJ,296276
WPQXWHYO,DEWLVASR,539841
WPQXWHYO,EVBVXETX,4870378
WPQXWHYO,FCYBOAXC,104947734
WPQXWHYO,FDXPMYGF,118765
WPQXWHYO,FITUEHWN,194413
WPQXWHYO,FRHNWLNI,890822
WPQXWHYO,GYHKIVQT,19894079
WPQXWHYO,JBVHSUWY,553517
WPQXWHYO,KEUWZRKO,531342
WPQXWHYO,KJNSOAHR,14503479
WPQXWHYO,LTOYKIML,548066
WPQXWHYO,LUENUFGA,3578259
WPQXWHYO,MIRCVAMV,265571
WPQXWHYO,NZKBIBNU,348165
WPQXWHYO,OKMBFVKS,2103319
WPQXWHYO,PYZMVUWD,210360
WPQXWHYO,QJQJSWFU,322438
WPQXWHYO,RJGPVEXX,739970
WPQXWHYO,SAHWCZNH,1874234
WPQXWHYO,UIFPPCLR,291590
WPQXWHYO,VMAQSTJE,236441
WPQXWHYO,VWMBASNE,297299
WPQXWHYO,XIFHSOWQ,269353
WPQXWHYO,XIIEJNEE,151630
WPQXWHYO,XIPPENFQ,358700
WPQXWHYO,ZKENOUDA,469821
WPQXWHYO,ZXERAXWP,151682
WQMVCOEM,AHMDUILJ,314875
WQMVCOEM,ATLDMDBO,44158293
WQMVCOEM,AXULOHBQ,172654
WQMVCOEM,BJALXPFS,283647
WQMVCOEM,BLANHGYY,178427
WQMVCOEM,BSRMSVTC,484335
WQMVCOEM,DJBLNPNC,131823
WQMVCOEM,DNMPSKTB,4871541
WQMVCOEM,DUCMGGNW,878783
WQMVCOEM,FDXPMYGF,123422
WQMVCOEM,FRHNWLNI,899315
WQMVCOEM,HCDTGMST,169817
WQMVCOEM,HXYSSRXE,4786805
WQMVCOEM,JPBRUTWP,5685746
WQMVCOEM,KEUWZRKO,545006
WQMVCOEM,LPHPPJUG,1379451
WQMVCOEM,LUENUFGA,3564074
WQMVCOEM,MIRCVAMV,277025
WQMVCOEM,OGAFEHLU,117547
WQMVCOEM,PYZMVUWD,143469
WQMVCOEM,SUOYXCHP,121353
WQMVCOEM,WPQXWHYO,11705363
WQMVCOEM,XIFHSOWQ,260989
WQMVCOEM,XIPPENFQ,351831
XIFHSOWQ,AHMDUILJ,223383
XIFHSOWQ,ATLDMDBO,44233018
XIFHSOWQ,AXULOHBQ,287259
XIFHSOWQ,BEZYMBBT,3064960
XIFHSOWQ,DNMPSKTB,4964860
XIFHSOWQ,EVBVXETX,4997941
XIFHSOWQ,FCYBOAXC,105045913
XIFHSOWQ,FRHNWLNI,992743
XIFHSOWQ,HXYSSRXE,4873355
XIFHSOWQ,JBVHSUWY,486850
XIFHSOWQ,KEUWZRKO,458499
XIFHSOWQ,KJNSOAHR,14608847
XIFHSOWQ,LRVGFDFM,2148949
XIFHSOWQ,LUENUFGA,3452417
XIFHSOWQ,MIRCVAMV,152788
XIFHSOWQ,NZKBIBNU,476658
XIFHSOWQ,RAWUKQMJ,3965573
XIFHSOWQ,RJGPVEXX,863632
XIFHSOWQ,SAHWCZNH,1775699
XIFHSOWQ,VWMBASNE,185035
XIFHSOWQ,WPQXWHYO,11813261
XIFHSOWQ,WQMVCOEM,209228
XIFHSOWQ,XIPPENFQ,215842
XIFHSOWQ,ZXERAXWP,254226
XIIEJNEE,APQGTRMF,167215
XIIEJNEE,ATLDMDBO,44134793
XIIEJNEE,AXULOHBQ,198462
XIIEJNEE,BEZYMBBT,3050584
XIIEJNEE,BTMOEMEP,14917421
XIIEJNEE,BUZIIBYG,14440191
XIIEJNEE,DBWLZWNK,269958
XIIEJNEE,DJBLNPNC,72395
XIIEJNEE,DNMPSKTB,4861244
XIIEJNEE,DUCMGGNW,864539
XIIEJNEE,EVBVXETX,4889061
XIIEJNEE,FITUEHWN,192532
XIIEJNEE,FRHNWLNI,892798
XIIEJNEE,FWUCPMMW,133768
XIIEJNEE,GKQIJYDH,7943334
XIIEJNEE,GYHKIVQT,19833530
XIIEJNEE,HXYSSRXE,4789705
XIIEJNEE,IGDVVKUD,81265
XIIEJNEE,JPBRUTWP,5689452
XIIEJNEE,LRVGFDFM,2056466
XIIEJNEE,LSOIUSXD,377932
XIIEJNEE,OGAFEHLU,124698
XIIEJNEE,OKMBFVKS,2017757
XIIEJNEE,OXKURKXR,239326
XIIEJNEE,QJQJSWFU,255206
XIIEJNEE,QRKRBYJL,2306636
XIIEJNEE,QVLMOEYE,1047449
XIIEJNEE,RAWUKQMJ,3868797
XIIEJNEE,RCBZUSIM,122589
XIIEJNEE,ROACSLMG,2258856
XIIEJNEE,SAAYMURU,151151
XIIEJNEE,SDWAYPIK,5878939
XIIEJNEE,SNHYOVBM,299076
XIIEJNEE,SUOYXCHP,142361
XIIEJNEE,UGEQLMXM,322043
XIIEJNEE,UIFPPCLR,234797
XIIEJNEE,UXSPKBJR,587498
XIIEJNEE,VBYCLTYZ,605609
XIIEJNEE,VWMBASNE,229030
XIIEJNEE,WHPUAOID,153364
XIIEJNEE,WQMVCOEM,141608
XIIEJNEE,XUOIQPFL,2159917
XIPPENFQ,AHMDUILJ,210252
XIPPENFQ,AXULOHBQ,275024
XIPPENFQ,CCLHWFWF,15693126
XIPPENFQ,DDEXPPXU,134356
XIPPENFQ,DNMPSKTB,4954637
XIPPENFQ,FCYBOAXC,105041681
XIPPENFQ,JPBRUTWP,5779814
XIPPENFQ,KAGJCHMR,139900
XIPPENFQ,KEUWZRKO,560940
XIPPENFQ,KJNSOAHR,14604517
XIPPENFQ,LPHPPJUG,1294034
XIPPENFQ,LSOIUSXD,454126
XIPPENFQ,LTOYKIML,644595
XIPPENFQ,MBSBZBXA,4673362
XIPPENFQ,MIRCVAMV,148198
XIPPENFQ,QKXNTIIB,1548394
XIPPENFQ,RAWUKQMJ,3954059
XIPPENFQ,RCBZUSIM,223440
XIPPENFQ,UGEQLMXM,404353
XIPPENFQ,UQYUIVVR,7555187
XIPPENFQ,VWMBASNE,308873
XIPPENFQ,WBLJNPZQ,387279
XIPPENFQ,ZGJXVMNI,2439462
XMKRPGLB,AHMDUILJ,235493
XMKRPGLB,BEZYMBBT,3051961
XMKRPGLB,BSRMSVTC,562329
XMKRPGLB,ELQGMQWE,881533
XMKRPGLB,FDXPMYGF,203387
XMKRPGLB,FITUEHWN,199154
XMKRPGLB,KAGJCHMR,228864
XMKRPGLB,KJNSOAHR,14619150
XMKRPGLB,LPHPPJUG,1377571
XMKRPGLB,LSOIUSXD,462881
XMKRPGLB,MIRCVAMV,205923
XMKRPGLB,OKMBFVKS,2034133
XMKRPGLB,OXKURKXR,242177
XMKRPGLB,PYZMVUWD,234394
XMKRPGLB,QJQJSWFU,240816
XMKRPGLB,ROACSLMG,2272282
XMKRPGLB,SAAYMURU,161760
XMKRPGLB,SNHYOVBM,315225
XMKRPGLB,STZDBITS,22430841
XMKRPGLB,SUOYXCHP,204418
XMKRPGLB,VMAQSTJE,152779
XMKRPGLB,XIPPENFQ,267995
XUOIQPFL,AANGBULD,671996
XUOIQPFL,APQGTRMF,147099
XUOIQPFL,ATLDMDBO,44117268
XUOIQPFL,BEZYMBBT,3032688
XUOIQPFL,BTMOEMEP,14948524
XUOIQPFL,CCLHWFWF,15678974
XUOIQPFL,DBWLZWNK,251705
XUOIQPFL,DEWLVASR,644231
XUOIQPFL,DJBLNPNC,129784
XUOIQPFL,DNMPSKTB,4827728
XUOIQPFL,DUCMGGNW,869834
XUOIQPFL,ELQGMQWE,870837
XUOIQPFL,FQCLOEXA,2222139
XUOIQPFL,GYHKIVQT,19809370
XUOIQPFL,HXYSSRXE,4795399
XUOIQPFL,IGDVVKUD,129796
XUOIQPFL,JPBRUTWP,5661622
XUOIQPFL,KJNSOAHR,14616449
XUOIQPFL,LPHPPJUG,1388243
XUOIQPFL,LRVGFDFM,2033068
XUOIQPFL,LSOIUSXD,359543
XUOIQPFL,OGAFEHLU,82732
XUOIQPFL,OKMBFVKS,2004768
XUOIQPFL,OXKURKXR,186953
XUOIQPFL,PYZMVUWD,129691
XUOIQPFL,QJQJSWFU,244713
XUOIQPFL,QRKRBYJL,2291513
XUOIQPFL,QVLMOEYE,1025274
XUOIQPFL,RAWUKQMJ,3845384
XUOIQPFL,RCBZUSIM,132260
XUOIQPFL,RJGPVEXX,871653
XUOIQPFL,ROACSLMG,2276447
XUOIQPFL,SDWAYPIK,5855687
XUOIQPFL,SNHYOVBM,418966
XUOIQPFL,UGEQLMXM,269253
XUOIQPFL,UIFPPCLR,231385
XUOIQPFL,UQYUIVVR,7615065
XUOIQPFL,UXSPKBJR,589437
XUOIQPFL,VBYCLTYZ,606019
XUOIQPFL,VUAFAIYJ,918332
XUOIQPFL,VWMBASNE,214019
XUOIQPFL,WBLJNPZQ,276898
XUOIQPFL,WQMVCOEM,132025
XUOIQPFL,XIIEJNEE,137079
XUOIQPFL,ZGJXVMNI,2527052
XUOIQPFL,ZKENOUDA,585183
XUOIQPFL,ZXERAXWP,243501
YSYHGLQK,AANGBULD,595495
YSYHGLQK,ATLDMDBO,44241905
YSYHGLQK,BEZYMBBT,3141112
YSYHGLQK,DDEXPPXU,160417
YSYHGLQK,DNMPSKTB,4967321
YSYHGLQK,FITUEHWN,201788
YSYHGLQK,FRHNWLNI,981133
YSYHGLQK,GKQIJYDH,8029971
YSYHGLQK,GYHKIVQT,19925562
YSYHGLQK,HCDTGMST,155547
YSYHGLQK,JBVHSUWY,566522
YSYHGLQK,JERHKLYW,150810
YSYHGLQK,KJNSOAHR,14534918
YSYHGLQK,LPHPPJUG,1290814
YSYHGLQK,LTOYKIML,575386
YSYHGLQK,MIRCVAMV,201386
YSYHGLQK,OGAFEHLU,207319
YSYHGLQK,OXKURKXR,319431
YSYHGLQK,QRKRBYJL,2421162
YSYHGLQK,RCBZUSIM,228804
YSYHGLQK,SDWAYPIK,5972650
YSYHGLQK,VBYCLTYZ,727875
YSYHGLQK,VMAQSTJE,151028
YSYHGLQK,VUAFAIYJ,855403
YSYHGLQK,WBLJNPZQ,374228
YSYHGLQK,XMKRPGLB,1108251
YSYHGLQK,XUOIQPFL,2245423
YSYHGLQK,ZGJXVMNI,2445928
YSYHGLQK,ZXERAXWP,158769
ZCELVYQU,AANGBULD,603317
ZCELVYQU,ATLDMDBO,44167460
ZCELVYQU,AXULOHBQ,187183
ZCELVYQU,BEZYMBBT,3136430
ZCELVYQU,BJALXPFS,283715
ZCELVYQU,BLANHGYY,157471
ZCELVYQU,BTMOEMEP,14961075
ZCELVYQU,CCLHWFWF,15774103
ZCELVYQU,DNMPSKTB,4887271
ZCELVYQU,ELQGMQWE,785853
ZCELVYQU,FCYBOAXC,104947278
ZCELVYQU,FDXPMYGF,144815
ZCELVYQU,FWUCPMMW,124496
ZCELVYQU,GKQIJYDH,7936450
ZCELVYQU,IGDVVKUD,146617
ZCELVYQU,KJNSOAHR,14521739
ZCELVYQU,LRVGFDFM,2166057
ZCELVYQU,LSOIUSXD,360873
ZCELVYQU,MBSBZBXA,4679064
ZCELVYQU,OKMBFVKS,2112505
ZCELVYQU,OXKURKXR,237562
ZCELVYQU,UGEQLMXM,298035
ZCELVYQU,UQYUIVVR,7622457
ZCELVYQU,VBYCLTYZ,647824
ZCELVYQU,WBLJNPZQ,294207
ZCELVYQU,XIIEJNEE,185856
ZCELVYQU,XIPPENFQ,335780
ZCELVYQU,ZXERAXWP,143005
ZGJXVMNI,AANGBULD,565571
ZGJXVMNI,ATLDMDBO,44245352
ZGJXVMNI,AXULOHBQ,257018
ZGJXVMNI,BEZYMBBT,3145267
ZGJXVMNI,BJALXPFS,354796
ZGJXVMNI,BSRMSVTC,544593
ZGJXVMNI,BTMOEMEP,15028997
ZGJXVMNI,DDEXPPXU,141186
ZGJXVMNI,DEWLVASR,530079
ZGJXVMNI,DNMPSKTB,4973396
ZGJXVMNI,DUCMGGNW,947110
ZGJXVMNI,ELQGMQWE,797828
ZGJXVMNI,EVBVXETX,4890728
ZGJXVMNI,FITUEHWN,215483
ZGJXVMNI,FQCLOEXA,2114646
ZGJXVMNI,FTSVTTSR,320828
ZGJXVMNI,GYHKIVQT,19963751
ZGJXVMNI,HXYSSRXE,4874378
ZGJXVMNI,JBVHSUWY,571917
ZGJXVMNI,JPBRUTWP,5774758
ZGJXVMNI,JSLXRQOK,129202
ZGJXVMNI,KEUWZRKO,557002
ZGJXVMNI,KJNSOAHR,14522275
ZGJXVMNI,LPHPPJUG,1293010
ZGJXVMNI,LSOIUSXD,460030
ZGJXVMNI,LTOYKIML,555471
ZGJXVMNI,LUENUFGA,3572120
ZGJXVMNI,MBSBZBXA,4664647
ZGJXVMNI,MIRCVAMV,278188
ZGJXVMNI,NAQIHUKZ,140003
ZGJXVMNI,NZKBIBNU,363148
ZGJXVMNI,OGAFEHLU,212265
ZGJXVMNI,OKMBFVKS,2142008
ZGJXVMNI,OXKURKXR,310165
ZGJXVMNI,PYZMVUWD,217916
ZGJXVMNI,QJQJSWFU,337318
ZGJXVMNI,QRKRBYJL,2431289
ZGJXVMNI,QVLMOEYE,1176686
ZGJXVMNI,RAWUKQMJ,3976961
ZGJXVMNI,RCBZUSIM,214407
ZGJXVMNI,RJGPVEXX,744826
ZGJXVMNI,SAHWCZNH,1895738
ZGJXVMNI,SDWAYPIK,6017561
ZGJXVMNI,STZDBITS,22490104
ZGJXVMNI,SUOYXCHP,202929
ZGJXVMNI,UGEQLMXM,426344
ZGJXVMNI,UIFPPCLR,331160
ZGJXVMNI,UQYUIVVR,7540258
ZGJXVMNI,VBYCLTYZ,747839
ZGJXVMNI,VMAQSTJE,233397
ZGJXVMNI,VUAFAIYJ,829103
ZGJXVMNI,VWMBASNE,304643
ZGJXVMNI,WBLJNPZQ,373203
ZGJXVMNI,WPQXWHYO,11695975
ZGJXVMNI,XIFHSOWQ,275650
ZGJXVMNI,XUOIQPFL,2250980
ZGJXVMNI,ZCELVYQU,339629
ZGJXVMNI,ZKENOUDA,454323
ZGJXVMNI,ZXERAXWP,153915
ZKENOUDA,AANGBULD,562387
ZKENOUDA,APQGTRMF,274593
ZKENOUDA,ATLDMDBO,44231561
ZKENOUDA,AXULOHBQ,269381
ZKENOUDA,BEZYMBBT,3152205
ZKENOUDA,DBWLZWNK,368455
ZKENOUDA,DEWLVASR,512757
ZKENOUDA,DNMPSKTB,4961545
ZKENOUDA,ELQGMQWE,793864
ZKENOUDA,EVBVXETX,4893407
ZKENOUDA,FITUEHWN,197067
ZKENOUDA,FQCLOEXA,2127518
ZKENOUDA,FTSVTTSR,305145
ZKENOUDA,GKQIJYDH,7941601
ZKENOUDA,GYHKIVQT,19950339
ZKENOUDA,HXYSSRXE,4871631
ZKENOUDA,JBVHSUWY,581023
ZKENOUDA,JPBRUTWP,5789940
ZKENOUDA,JSLXRQOK,146284
ZKENOUDA,KJNSOAHR,14495086
ZKENOUDA,LLHREMKS,191406
ZKENOUDA,LPHPPJUG,1293012
ZKENOUDA,LSOIUSXD,450422
ZKENOUDA,LTOYKIML,559155
ZKENOUDA,LUENUFGA,3572348
ZKENOUDA,MBSBZBXA,4663034
ZKENOUDA,NAQIHUKZ,132625
ZKENOUDA,OGAFEHLU,203957
ZKENOUDA,OJIFIHMZ,3057739
ZKENOUDA,OKMBFVKS,2136102
ZKENOUDA,OXKURKXR,310258
ZKENOUDA,PYZMVUWD,214264
ZKENOUDA,QJQJSWFU,326669
ZKENOUDA,QRKRBYJL,2410636
ZKENOUDA,QVLMOEYE,1170233
ZKENOUDA,RAWUKQMJ,3949476
ZKENOUDA,RJGPVEXX,765224
ZKENOUDA,SDWAYPIK,6008820
ZKENOUDA,UGEQLMXM,413273
ZKENOUDA,UIFPPCLR,342890
ZKENOUDA,VBYCLTYZ,743112
ZKENOUDA,VMAQSTJE,243596
ZKENOUDA,VUAFAIYJ,834107
ZKENOUDA,WBLJNPZQ,371902
ZKENOUDA,WPQXWHYO,11704314
ZKENOUDA,XIFHSOWQ,271644
ZKENOUDA,XIIEJNEE,158889
ZKENOUDA,XUOIQPFL,2257782
ZKENOUDA,ZCELVYQU,305093
ZKENOUDA,ZGJXVMNI,2426292
ZKENOUDA,ZXERAXWP,147436
ZXERAXWP,AANGBULD,588381
ZXERAXWP,AHMDUILJ,302556
ZXERAXWP,BEZYMBBT,3160842
ZXERAXWP,CCLHWFWF,15788407
ZXERAXWP,DBWLZWNK,397356
ZXERAXWP,DEWLVASR,552590
ZXERAXWP,FITUEHWN,196974
ZXERAXWP,FRHNWLNI,899782
ZXERAXWP,FWUCPMMW,136587
ZXERAXWP,KAGJCHMR,232607
ZXERAXWP,KJNSOAHR,14517174
ZXERAXWP,LSOIUSXD,362378
ZXERAXWP,LTOYKIML,551428
ZXERAXWP,MIRCVAMV,284009
ZXERAXWP,NAQIHUKZ,133705
ZXERAXWP,OXKURKXR,299891
ZXERAXWP,QJQJSWFU,321623
ZXERAXWP,RJGPVEXX,787819
ZXERAXWP,SUOYXCHP,130500
ZXERAXWP,UIFPPCLR,333029
ZXERAXWP,UXSPKBJR,687558
ZXERAXWP,VMAQSTJE,229174
ZXERAXWP,VUAFAIYJ,849750
ZXERAXWP,WBLJNPZQ,372690
ZXERAXWP,WHPUAOID,155225
ZXERAXWP,WPQXWHYO,11707917
ZXERAXWP,XIIEJNEE,176025
ZXERAXWP,XUOIQPFL,2227121
ZXERAXWP,YSYHGLQK,128263
ZXERAXWP,ZKENOUDA,485802
